name,age,curso
Catherin Tease,97,Química
Karlens Springthorp,26,Matemática
Sibel Nourse,61,Química
Cory Glasscock,48,Matemática
Ash Halsworth,56,Física
Dulcinea Slorance,51,Matemática
Lawton Fiddyment,60,Física
Sutherland Neesam,53,Química
Raine Lamplough,47,Química
Granger Greaterex,95,Física
Hayden MacDuffie,25,Química
Silvana Maytom,66,Matemática
Nedi Stanhope,50,Química
Pierson MacAlister,89,Matemática
Maynard Dowsett,41,Química
Sancho Legrave,91,Matemática
Randolf Probbin,40,Matemática
Cyrill Ortiger,20,Química
Jonas Dionisi,28,Física
Trix Lawrey,57,Química
Stu Ivimy,26,Física
Michail Melding,66,Química
Tynan Radage,24,Física
Nevins Wolfenden,33,Física
Lilia Pavelin,21,Química
Borden Habden,53,Física
Eloise Avrahamoff,28,Matemática
Lonee Borrow,19,Física
Uriel Rosenstengel,71,Matemática
Piper Lupton,31,Matemática
Esteban Fackrell,62,Química
Ave Hayer,79,Química
Reinhard Houliston,69,Química
Shelton Cunnington,83,Física
Paquito Reightley,49,Matemática
Emmery Aronsohn,100,Matemática
Vincenty Exposito,85,Química
Alie Le Bosse,85,Matemática
Ibrahim Kunze,49,Química
Kerr Edmans,55,Física
Flo Dartnall,67,Química
Cathleen Ferrettini,77,Química
Beverly De Clairmont,59,Matemática
Scotti Ambroziak,87,Física
Alastair Chardin,25,Matemática
Tommi Janssens,99,Física
Kennan Briar,83,Química
Raeann Tyler,83,Química
Gabie Leedal,74,Matemática
Darrell Bolsover,91,Matemática
Zebadiah Meriguet,79,Física
Beverie Fennelly,86,Física
Cherie Alforde,60,Química
Orbadiah Berresford,86,Matemática
Ronny Belcham,30,Química
Sada Cosson,97,Química
Germayne Dowderswell,84,Física
Clio Van der Velde,45,Química
Corny Rimmer,75,Matemática
Kameko Philippeaux,98,Física
Robbie Brant,43,Matemática
Bran Ortet,85,Química
Amalia Nulty,89,Física
Hillery Mainstone,19,Física
Cariotta Rens,19,Química
Bondie Sheryn,58,Física
Angus McDowell,57,Matemática
Evy Abrahamson,37,Matemática
Moises Corder,69,Matemática
Imelda O'Heyne,29,Química
Hortensia Joe,86,Física
Dasie Powner,90,Física
Page Akenhead,42,Física
Shena Rubinovici,82,Química
Wilmar Brafferton,95,Química
Daniella Penas,91,Física
Clay Stanesby,97,Química
Gunther Bowsher,44,Matemática
Costanza Gaber,49,Física
Everett Glede,49,Física
Skyler Allsop,30,Química
Trenna Coule,62,Física
Fran Kirsop,67,Matemática
Rori Harbertson,43,Física
Foss Stickney,52,Química
Bambi Casolla,36,Matemática
Rock Kildea,83,Física
Carolann Dyson,35,Química
Ysabel Polkinghorne,19,Química
Marcelia Brettell,46,Matemática
Minna Denslow,55,Matemática
Brod Manion,52,Física
Kaye Griniov,55,Química
Carmina Gypps,82,Física
Carmelita Wesley,75,Química
Barret Squirrel,90,Química
Jazmin Kean,76,Matemática
Jayme Llewelyn,94,Química
Halsey Couser,44,Matemática
Hastings Astlet,67,Química
Irena Bosence,28,Química
Kyrstin Wasselin,62,Matemática
Stesha Morewood,34,Matemática
David Pirrone,68,Matemática
Cherlyn Mochar,80,Física
Felice Borgesio,56,Física
Neile Doche,59,Matemática
Cathrine Lindholm,51,Química
Bobby Maryet,64,Física
Alis Merkle,72,Matemática
Mathilda McKissack,95,Química
Anthiathia Tofanelli,51,Química
Blane Blakey,28,Química
Kirk Yardy,33,Matemática
Martina Edlestone,37,Química
Thorndike Ellwood,88,Matemática
Rustin Hammelberg,66,Física
Nicole Phlipon,65,Química
Max Foort,76,Física
Savina Kingham,47,Física
Norina Riddiough,72,Matemática
Turner Baldree,91,Física
Alf Trevallion,54,Matemática
Chev MacRory,39,Química
Jessey Adamik,41,Matemática
Linnet Benedicte,74,Física
Roana Blanchet,64,Química
Phylis Erangey,34,Física
Leela Laying,22,Física
Avrit Tilly,60,Química
Nana Cordeiro,46,Química
Ole Cholton,50,Física
Tabitha Londer,83,Química
Darsey Iuorio,54,Matemática
Andreas Jouandet,81,Física
Cassy Fawloe,85,Química
Meridel Golbourn,73,Química
Mikol Drysdall,81,Física
Pascal Caesman,79,Matemática
Eziechiele Pattle,85,Física
Lorin Silburn,19,Matemática
Meridith Tuffield,20,Matemática
Stearne Powder,77,Matemática
Kellby Pamphilon,77,Química
Callean Wein,20,Química
Deidre Ping,72,Física
Dalenna Kleinplatz,42,Física
Ryan Tizzard,70,Química
Gilles McIndoe,25,Química
Viva Lasselle,85,Física
Colver Mulholland,27,Química
Giorgio Thynn,87,Matemática
Whitaker Borlease,40,Química
Mabelle Ox,97,Matemática
Jacquenette Matteo,49,Física
Cyrillus Dunniom,51,Matemática
Raddie Larvin,45,Matemática
Avrit Couchman,35,Química
Lucienne Sabberton,24,Química
Micheal Slogrove,50,Química
Prudence Pocock,37,Física
Con Leven,80,Física
Belvia Dicey,70,Física
Erinna Tackell,40,Física
Elias Atwell,88,Química
Eben Shawcroft,30,Matemática
Georgine Sirman,65,Física
Ardyth Garbott,86,Química
Bernardine Abbyss,60,Química
Wini Gidney,34,Matemática
Vic Nicholas,29,Física
Grier Grossier,27,Química
Blanch Felton,91,Química
Alicea Master,60,Matemática
Henrie Khristyukhin,20,Matemática
Sheff Lyne,89,Física
Sarina Amor,88,Física
Dyanne Shevell,96,Matemática
Cindy Tribbeck,98,Física
Terrye Bilyard,44,Matemática
Moise Robelow,18,Física
Edy Terron,71,Física
Elayne De Fries,91,Matemática
Tomasina Kopfen,49,Química
Jaime Bumpass,54,Matemática
Yanaton Rewcastle,33,Matemática
Othilie Jeannot,54,Matemática
Charlene Bernot,83,Física
Elden Dene,77,Química
Ly O'Corrin,21,Matemática
Darbie Weatherhead,78,Física
Karil Mannering,30,Química
Brigitte Jouhandeau,56,Física
Aigneis Sackett,56,Física
Elsbeth Baudou,31,Química
Putnem Tebbutt,77,Física
Leon Maughan,61,Química
Lynea Jermey,62,Matemática
Ariel Puvia,77,Física
Grover Paskin,26,Física
Winny Vinas,81,Matemática
Jake Roser,38,Química
Mersey Redford,100,Matemática
Clevie Tripney,65,Química
Lin Boise,56,Matemática
Bondie Poolton,76,Química
Mellicent Whyke,32,Química
Addison Lorden,41,Química
Sherlocke Tankard,71,Física
Jammal Shreeve,31,Química
Wadsworth Topliss,31,Matemática
Vicky Dalmon,32,Física
Nolie Beaves,48,Química
Jared Jorat,67,Química
Tybi Carmo,79,Física
Essa Farge,61,Matemática
Jefferey Tocque,70,Química
Brittan Isakov,37,Matemática
Kendricks Barwack,77,Matemática
Bud Ramm,59,Física
Daisi Marqyes,89,Matemática
Baron Succamore,95,Matemática
El Mcasparan,92,Química
Nico Spellman,68,Química
Kassandra D'Alesio,90,Física
Leanora Leggate,40,Física
Rey Hoggetts,74,Química
Addy Stonebanks,51,Matemática
Chery Carne,19,Física
Gay Rodolfi,84,Física
Bogart Sibbit,92,Química
Odele Bowdery,85,Matemática
Janis Scohier,30,Física
Maxy Lorenzetto,60,Física
Harri Ivakin,52,Química
Silvano Bellamy,31,Física
Ethan Feldmesser,62,Matemática
Sherilyn Giacomini,70,Física
Doralyn Koenraad,77,Química
Teddy Pattison,42,Física
Rubie Farden,61,Matemática
Lonnie Hubner,99,Física
Isiahi Gilkes,66,Matemática
Ilsa Sarson,74,Física
Cindy Davydochkin,71,Matemática
Mildrid Patterson,25,Matemática
Florrie Thurling,55,Química
Geraldine Ruck,40,Matemática
Branden Rowney,78,Física
Katuscha Macken,84,Química
Fonsie Dwine,66,Química
Sheryl Devonish,89,Matemática
Dennison Treharne,83,Química
Wallace Shermore,37,Química
Ardyth Cockley,39,Química
Rheba Revie,37,Matemática
Issy Icom,46,Matemática
Renell Peattie,91,Física
Effie Bunworth,78,Química
Jacquette Rooper,40,Física
Corie O'Teague,77,Química
Amanda Pick,57,Física
Maxi Offin,40,Física
Krissie Cursey,37,Matemática
Emmye Bedwell,24,Química
Raf Wagstaffe,86,Matemática
Ivan MacHarg,63,Física
Armand Bleackly,68,Física
Damian Francais,43,Matemática
Coralyn Gillbee,36,Química
Skippy Daniel,66,Física
Vilma Beekman,34,Matemática
Breanne Babonau,97,Química
Valentijn Endersby,94,Matemática
Vanny Delhanty,52,Matemática
Lucienne Rosso,78,Química
Fernando Lark,49,Matemática
Fabian Leech,29,Matemática
Meredeth Ennals,75,Física
Christa Absalom,21,Física
Bernelle Point,47,Matemática
Imogen Hyett,48,Matemática
Luciana Muehler,37,Matemática
Chip Bampford,84,Química
Jerrie Borit,76,Química
Amye Doble,38,Matemática
Lavinia Frogley,54,Química
Jazmin Connett,90,Física
Webster Idale,39,Física
Englebert Nickolls,86,Física
Bobbie Creffeild,34,Física
Eyde Mobbs,92,Matemática
Delano Layfield,43,Matemática
Noel Danielovitch,74,Matemática
Kendre Figiovanni,25,Química
Patrica Larciere,33,Matemática
Vincent Francescozzi,86,Física
Teddie Delmage,34,Matemática
Lelia Tremoille,59,Química
Alex Adriano,99,Química
Cassie Gateley,31,Matemática
Beulah Ebbins,34,Química
Bebe MacKibbon,56,Física
Rhetta Mettetal,25,Matemática
Haily Touzey,40,Matemática
Sasha Le Brom,68,Matemática
Margaret Kershaw,26,Física
Christie Cottrell,32,Matemática
Bibi Gumb,80,Matemática
Claire Wardell,92,Física
Abeu Jacklin,26,Química
Egor Dubble,25,Matemática
Lissie Pidgley,51,Química
Burl Hodgen,25,Física
Rory Bottrill,62,Matemática
Kristo Arington,20,Química
Davine Anyene,93,Física
Pacorro Stalley,40,Física
Zara Durek,70,Química
Maxim Malam,77,Matemática
Joey Lumpkin,30,Matemática
Rog Abbatini,32,Física
Kris Chat,24,Matemática
Adrian Bowman,37,Física
Merry Ferriere,44,Química
Tamar MacCallam,98,Química
Georgi Gooley,40,Matemática
Lynsey Larrett,100,Matemática
Matilda Scrymgeour,32,Química
Giorgio Chesshire,63,Química
Helyn Errey,22,Matemática
Delainey Shewry,67,Matemática
Beatrice Lipgens,86,Matemática
Daffie Jalland,50,Matemática
Kristen Wainwright,75,Química
Shara Burnie,60,Química
Orren Phizacklea,93,Matemática
Skell Ewan,45,Física
Sheelah Letertre,27,Física
Hurley Jenik,27,Química
Tudor O'Reilly,61,Matemática
Abdel Hazzard,21,Química
Dalston Krelle,64,Matemática
Hale Kopmann,51,Química
Dunc Sherebrook,66,Química
Lea Chillistone,64,Química
Almira Angove,47,Física
Lona Walas,91,Matemática
Hurleigh Bushaway,35,Física
Oswald Haslegrave,59,Química
Donia Woolis,97,Química
Norry Cominotti,80,Física
Jocelin Phillpot,36,Química
Poppy Luscott,85,Química
Rivi Millis,20,Física
Quinta Knell,53,Física
Benedicta Stonhard,24,Matemática
Paulie Olman,53,Matemática
Rufe Stooders,23,Matemática
Remy Struan,45,Química
Brandy Waterfall,81,Química
Agustin Vercruysse,51,Física
Alix Espadater,20,Matemática
Oby Quarles,26,Física
Fowler Barnwill,42,Matemática
Olympe Mourant,65,Física
Harv Tennock,18,Química
Mill Cross,74,Matemática
Tripp Ilyasov,81,Química
Danica Swan,90,Matemática
Winnie Bruyns,84,Matemática
Ardenia Sawley,48,Química
Harbert Piggen,66,Matemática
Zane Whitsun,19,Química
Stanislaw Naisbit,56,Matemática
Tomaso O'Day,99,Química
Andres Garnett,78,Química
Clywd Pellew,66,Física
Bianca Adamthwaite,48,Física
Obadiah Busswell,34,Química
Orsa Burkinshaw,91,Física
Arnie Berrey,53,Física
Brander Dacca,96,Matemática
Dolf Aberkirdo,81,Matemática
Fransisco Babar,81,Física
Prent Grishmanov,99,Matemática
Danika Jakobssen,20,Física
Astra McCrisken,61,Química
Pepillo Southorn,51,Química
Judie Meeron,39,Física
Shina Eddington,73,Matemática
Jarrid Lemmers,38,Matemática
Nevin Fenty,41,Física
Leese Fligg,33,Química
Moore Koppelmann,86,Matemática
Georgie Juste,71,Física
Simon Komorowski,26,Física
Urban Lothean,40,Matemática
Ramonda Rudkin,39,Física
Fayre McCool,80,Química
Hollyanne Herley,76,Física
Lissie Snufflebottom,85,Química
Elnar Sandes,48,Matemática
Ardelle Rozalski,89,Matemática
Nicolis Gasken,73,Física
Nina Guillot,76,Química
Nerty Densey,81,Química
Camellia Leblanc,42,Química
Syman Vasilyev,71,Matemática
Georgine Polkinghorne,29,Matemática
Dulcia Ferencz,29,Matemática
Maura Endricci,20,Matemática
Modesty Ivan,66,Física
Caldwell Brunt,46,Física
Weston Bontine,88,Matemática
Alf Marco,56,Física
Gwendolen Abethell,68,Física
Mozelle Klaaasen,72,Física
Garey O' Concannon,77,Física
Gardy Durie,22,Física
Terence Djurisic,96,Física
Dexter Tape,23,Química
Kai Joncic,74,Física
Mallory Riquet,30,Matemática
Sinclare Sutch,93,Química
Lisabeth Bechley,46,Química
Cairistiona Castagnaro,41,Matemática
Corey Grinston,64,Química
Torr Sheen,68,Matemática
Eddie Kiwitz,66,Química
Jack Meo,63,Química
Rosanna Maciejewski,30,Física
Davin Roxbrough,54,Física
Eben Ivannikov,31,Matemática
Lelia Haet,61,Física
Edgard Mortimer,24,Física
Judi Wimlett,40,Química
Selia Clelland,34,Química
Byrom Bachanski,31,Química
Zsa zsa Kennerknecht,54,Matemática
Ulric Brugden,78,Química
Aime Busse,49,Física
Wheeler Rourke,32,Química
Elyssa Andrey,52,Física
Germayne Du Fray,61,Matemática
Gabie Anning,93,Matemática
Kare Pharo,47,Química
Joleen Melhuish,68,Química
Horace Vakhrushev,57,Matemática
Mickie Kerfoot,62,Matemática
Harald Farrent,33,Matemática
Leontine Quogan,56,Física
Marcile Beacom,93,Física
Reed Tayspell,59,Química
Olag Jewers,95,Física
Cobby Rooke,77,Química
Shayla Whitland,54,Física
Matteo Sepey,56,Física
Lorie Quaif,69,Matemática
Berte Leimster,35,Matemática
Torin Delacote,79,Química
Monroe Thurlbourne,45,Matemática
Reeva De Avenell,46,Física
Winslow Streets,21,Física
Rochette Dorrance,46,Química
Agathe Buret,22,Física
Meghann Gealle,75,Matemática
Jaquenette Skelton,39,Química
Christiana Duxfield,82,Física
Nicoline Pogosian,89,Física
Rutter Battershall,91,Química
Forrester Dallosso,65,Química
Rubin Tubritt,31,Química
Talbert Jolin,83,Química
Bridget Gheorghescu,86,Matemática
Rowney Demangel,100,Química
Bettye Arrowsmith,53,Química
Leodora Landells,23,Matemática
Morton Bunyan,83,Química
Deena McGiff,84,Química
Creight Bouchier,93,Química
Lee Seefus,35,Química
Dale Cattemull,38,Química
Elvina Biggadyke,98,Física
Flory Wycherley,53,Química
Angelico Durkin,90,Física
Byram Bradley,48,Química
Samuele Wolffers,37,Química
Lamont Petschelt,95,Matemática
Carmelita Chaldecott,68,Química
Zonda Reeman,33,Física
Dag Skip,92,Química
Hephzibah Bacop,90,Matemática
Doria Eustis,34,Matemática
Madlen Ive,65,Matemática
Vite Maginot,66,Matemática
Simonette Tedstone,27,Matemática
Wakefield Wingar,35,Química
Anny Dalton,75,Física
Jaclyn MacFall,70,Física
Penny Drewe,92,Química
Donnie Mithon,57,Química
Paddy Savill,32,Matemática
Gillie Gorton,27,Física
Shelby Pollak,100,Matemática
Carolus Gurney,54,Química
Decca Houlison,52,Matemática
Karol Cowland,43,Química
Shawna Farrer,85,Química
Gordie Monahan,18,Química
Matty Stonehouse,73,Matemática
Rancell Nudde,92,Química
Sherry Collie,32,Química
Abigale Innwood,69,Química
Pia Sparry,19,Química
Brandyn Huyhton,87,Química
Gamaliel Gegay,57,Física
Justis Birtwell,72,Matemática
Axel Escala,25,Matemática
Kare Thecham,42,Física
Sheelagh Barrett,22,Química
Bobbie Scandrite,82,Física
Archibold Di Bartolommeo,52,Química
Ann-marie Ast,84,Física
Augustine Cacacie,84,Física
Othilie Rosenbarg,52,Matemática
Johnathon Fessions,63,Matemática
Rand Lowrance,55,Física
Corrie Eingerfield,46,Física
Lorianne Allabush,46,Física
Errick Callington,43,Química
Duncan Newlove,19,Matemática
Ezri Setter,86,Física
Michell Matveiko,26,Matemática
Melisse Tallis,48,Química
Noelle Scampion,68,Química
Dorothy Bramah,31,Física
Ethyl O' Lone,56,Matemática
Hunter Trever,22,Matemática
Sapphira Amos,71,Matemática
Iver Osbaldstone,73,Física
Sheilakathryn Gresswell,55,Matemática
Hetti Jarritt,93,Física
Lorelle Dorre,65,Química
Douglass Poolton,33,Física
Onofredo Stoad,75,Matemática
Alayne Kann,38,Química
Dannye Batrick,62,Física
Lynnell Epinay,53,Matemática
Nonnah Thurman,33,Química
Teddie Aldwich,66,Química
Lucho Stonebridge,64,Matemática
Jarret Tithecott,32,Física
Felizio Sooley,26,Química
Stern Rossi,84,Matemática
Donny Farnell,55,Química
Judie Ghelarducci,68,Física
Aristotle Jordeson,37,Química
Helga Coady,69,Matemática
Linc Tookill,50,Física
Adiana Siene,78,Matemática
Amelie Chorlton,31,Matemática
Isabelle Spillard,37,Química
Jodie Follis,36,Química
Murial Ogbourne,27,Matemática
Morry Dow,79,Química
Florence De Hoogh,92,Física
Otha Romans,23,Química
Dyanna Lefridge,85,Física
Anatol Flaunier,64,Física
Chancey Hartburn,29,Física
Maryann Dunsmore,88,Matemática
Kacy Kobierzycki,21,Física
Brade Lawlan,55,Física
Luke Doget,26,Física
Kirsti Southernwood,35,Química
Alethea Madders,62,Química
Albertine Possa,45,Física
Ewart Edbrooke,39,Química
Annalise Finnemore,80,Física
Kendrick Gibbeson,60,Química
Susann Mandre,78,Matemática
Jaime MacConneely,74,Física
Bobina Abbitt,32,Química
Christiane Walcot,36,Matemática
Harrietta Hollibone,100,Matemática
Lexy Starrs,61,Química
Melicent Mulles,100,Química
Mariejeanne Morefield,38,Matemática
Di Kerton,31,Física
Arlie Lorden,65,Matemática
Loise Richley,78,Matemática
Benjie Stirton,99,Matemática
Kerry Brabbs,29,Matemática
Millisent Gookes,94,Física
Dex Pargiter,24,Matemática
Doug Gethin,47,Física
Francisca Tennison,71,Matemática
Becca Skirrow,76,Matemática
Adolphe Chiverton,42,Física
Trudy Franckton,97,Física
Gradeigh McCheyne,51,Matemática
Phelia Spinas,48,Matemática
Rand Arangy,21,Química
Pepillo Miskin,82,Matemática
Lazar Spier,40,Física
Jonah Jovey,73,Química
Giustina Cousin,27,Matemática
Fergus Dominicacci,90,Matemática
Gill Clara,56,Matemática
Cherry Simyson,88,Química
Amargo Dewfall,40,Matemática
Powell Heliet,47,Química
Raimund Mowsdell,53,Química
Eleonore Ungaretti,19,Matemática
Adam Braun,21,Física
Johny Denisevich,54,Física
Ahmed Dopson,63,Química
Kameko Ivashechkin,55,Física
Janeta Wasbey,71,Química
Pearl Zanardii,52,Química
Conn Kilmaster,24,Física
Batholomew Reedy,92,Química
Stearne Barok,89,Matemática
Elysee Whorton,85,Matemática
Brodie Prawle,58,Física
Kata Reightley,43,Matemática
Rennie Crusham,92,Matemática
Yorke Verey,41,Matemática
Blanch Lygo,90,Química
Skelly Shinn,27,Matemática
Ava Hiddsley,61,Química
Sondra Barwis,55,Física
Sibbie Purcell,68,Matemática
Siouxie Benes,18,Matemática
Ange Bensusan,62,Química
Christiane Spaducci,98,Química
Justinn Lyttle,84,Matemática
Hedwiga Brandsma,34,Física
Vallie Gandar,76,Matemática
Liesa Gioani,39,Física
Edithe Jellman,77,Matemática
Innis Eagling,31,Física
Rana Peepall,55,Matemática
Gaspard Larman,85,Química
Gardy Croote,72,Matemática
Hermann Puxley,100,Matemática
Odo Vasey,39,Química
Norrie Breache,79,Matemática
Sayre Sellwood,23,Química
Cristin Blacket,35,Física
Nicola Dench,46,Física
Darnell Macquire,63,Física
Hayley Champain,55,Física
Cobby Hagger,53,Física
Sloan Scarlett,19,Química
Patricio Thorp,26,Matemática
Coraline Fero,39,Matemática
Karon Georgiev,85,Física
Alejandro Middlemass,35,Matemática
Karil Tristram,22,Matemática
Von Blatcher,27,Matemática
Murvyn Ivic,25,Química
Suzann Shurman,27,Química
Chan Vernall,93,Matemática
Svend Brackstone,32,Física
Phillis Jerdon,45,Física
Emlynne Stainbridge,24,Matemática
Obed Krelle,95,Física
Candy Mebes,48,Física
Renee Frise,36,Química
Terry Haycock,99,Física
Layne Handrok,76,Química
Lian Symson,68,Química
Petra Truse,49,Matemática
Della Passie,49,Matemática
Terencio Caple,69,Física
Ezra Asken,81,Química
Griffith Dibner,90,Física
Phoebe Stuchburie,64,Química
Raine Alliban,90,Química
Tanhya Kettoe,34,Matemática
Maison Lomis,89,Física
Maxine Iacopini,51,Física
Emmaline D'Adda,62,Matemática
Menard McDavid,29,Matemática
Eleen Swains,79,Química
Otes Schusterl,64,Matemática
Cedric Bradly,43,Física
Rebeca Kraut,88,Química
Moll Turpie,46,Matemática
Lillis Dowse,64,Matemática
Maje Boanas,32,Química
Lanny Morston,46,Matemática
Sascha Littley,20,Matemática
Robinet Ravillas,21,Matemática
Gail Ducker,83,Matemática
Ashlan Rawstorne,68,Física
Harriot Hinksen,64,Física
Karita Gossan,19,Matemática
Wilone Stidston,44,Química
Sarene Bland,42,Física
Stephanie Peile,98,Física
Doralyn Pettman,52,Matemática
Delores Ilden,50,Matemática
Willyt Woffenden,62,Matemática
Merrile Boggis,100,Física
Gena Anselm,23,Matemática
Kaiser Vian,84,Química
Patricia Flavelle,67,Química
Tracie Greves,28,Matemática
Aluino Baldassi,28,Matemática
Salomon Gibbonson,34,Matemática
Asa Doche,81,Matemática
Lynnelle Gatchell,27,Química
Scot Abrey,68,Matemática
Ashlan Ruckman,35,Química
Vanessa Buyers,59,Matemática
Kurt Gianilli,78,Física
Gaynor Rolstone,94,Física
Bernita Buttriss,64,Física
Sibyl Fulleylove,68,Matemática
Luca Ibberson,79,Física
Joice Zappel,43,Física
Bekki Ellsbury,54,Química
Dev Cowley,77,Matemática
Kacie Cleeve,79,Física
Ludwig Baumler,78,Matemática
Nikolaos Stieger,46,Física
Clyde Robelin,33,Matemática
Louisa Mendoza,95,Matemática
Antonius Copozio,95,Química
Morgen Clingan,69,Química
Hamid Abrahart,73,Física
Ellen Hubbart,47,Matemática
De witt Rowley,26,Química
Nerta Gantlett,45,Química
Dalli Polsin,25,Matemática
Bethanne Willicott,86,Física
Germaine Gravestone,35,Física
Michaelina Kenewel,95,Química
Lester Padula,75,Física
Conrade Rolf,27,Física
Cati Smiley,82,Química
Emelia Roostan,99,Matemática
Dimitry Stegel,47,Química
Jolee Karpov,96,Física
Eddie Puden,38,Química
Albertine Wetherald,38,Química
Rance Tommis,65,Matemática
Deva Krzyzanowski,92,Química
Denni Strivens,65,Física
Lawry Slocum,60,Química
Maxie Tomaszewski,94,Química
Wilhelmine Lyddon,55,Física
Thaxter Scaddon,90,Matemática
Marci Collecott,88,Física
Jerrylee Katte,27,Química
Brien Meert,61,Química
Horton McNysche,50,Química
Odo Cavill,92,Física
Tanya Marmyon,20,Matemática
Annice Brattell,56,Física
Art Hughesdon,37,Química
Kimberli Laurand,59,Matemática
Sabra Liddiard,41,Física
Felice Joseff,47,Matemática
Giustino Lesslie,41,Química
Nyssa Pashba,46,Química
Sterling Switsur,50,Química
Cordie Seaking,99,Matemática
Bonny Matteini,59,Física
Derward Adamkiewicz,81,Química
Robin Bealing,87,Química
Idalia Sink,72,Física
Mirilla Provis,77,Física
Pincas Rawson,19,Química
Odelinda Rubinek,36,Química
Gray Philbin,75,Física
Brenden Billie,22,Química
Genovera Hinkley,51,Química
Viole Giraudat,66,Matemática
Conrado Nisuis,100,Matemática
Clemmy Whitebrook,91,Química
Ibrahim Testro,55,Matemática
Gerard Kocher,74,Matemática
Betta Scandrite,50,Física
Jillane Brentnall,76,Química
Shalom Wimbury,22,Química
Brit Merry,98,Física
Aila Mergue,92,Física
Halley Dami,88,Matemática
Stephi Rotte,39,Física
Quinn Filisov,44,Física
Clevey Cristofolini,91,Matemática
Frederich Boch,65,Física
Omar Lording,21,Física
Dale Cline,21,Química
Lanny Barlthrop,49,Física
Erin Soldner,27,Matemática
Hercules Blackly,54,Matemática
Nels Briddock,47,Matemática
Ada Crosfield,92,Química
Hadley Duetschens,99,Física
Bradley Albrecht,36,Física
Kareem Cavil,65,Matemática
Mercy Barthropp,87,Química
Sayres Hurlestone,86,Matemática
Euell Leathard,81,Física
Perla Ledbury,87,Matemática
Flinn Mc-Kerley,96,Química
Corrianne Rowan,24,Matemática
Brocky Madden,75,Química
Lezlie Paddingdon,72,Física
Katine Hardaker,62,Química
Briny O'Fergus,37,Química
Lilith Fiddy,46,Química
Dag Rizzi,59,Matemática
Dalton Youell,31,Física
Corine Gorke,42,Química
Ellynn Bohman,95,Física
Fenelia Beddoe,34,Física
Dyan McGaugan,83,Química
Gardener Epple,18,Física
Vincents Boggers,97,Matemática
Carly Trimme,32,Matemática
Addia Grastye,49,Química
Vladimir Petche,88,Física
Emiline Mc Dermid,24,Matemática
Gill Rogerson,26,Química
Starr Roberds,87,Física
Clea Saice,72,Física
Danette Vogt,29,Química
Derrek Tee,50,Matemática
Deane Olpin,54,Química
Salem Wetter,48,Matemática
Arlina Edwins,88,Física
Carmel Caghy,33,Física
Junina Kix,90,Matemática
Bernice Moneti,83,Física
Marybelle MacGeaney,99,Física
Jarid Jeffree,35,Física
Athena Kenealy,61,Química
Shalom Chetwind,60,Matemática
Candra Piercey,35,Matemática
Dorrie Saffen,40,Física
Hamil De Micoli,94,Matemática
Hazlett Saddler,57,Matemática
Evangelia Beals,89,Química
Carleen Jeger,51,Química
Selie Riddler,28,Física
Karna Feaveryear,31,Química
Harland Olek,96,Química
Corrie Scolding,23,Física
Ortensia McAw,50,Química
Saraann Harg,74,Química
Der Ollivier,66,Matemática
Ardith Witul,24,Matemática
Dianemarie Everit,85,Física
Morly Finci,46,Química
Kristoffer Engeham,55,Química
Andre Kynnd,86,Matemática
Annnora Blankau,55,Física
Germaine Gleave,28,Matemática
Jarrid De Simone,39,Física
Vanni Brothers,18,Química
Kim Jira,21,Matemática
Feodora Gallamore,91,Matemática
Harrietta Sketcher,70,Matemática
Lorelle di Rocca,94,Física
Aldwin Pemberton,29,Matemática
Cariotta Kaplin,100,Matemática
Laina Torrijos,81,Química
Reynolds Kennan,61,Física
Maryrose Metson,45,Química
Talyah Eberlein,63,Química
Herman Waterman,36,Química
Juliette Chappell,22,Física
Erick O'Sharkey,31,Física
Vinny Durrett,49,Matemática
Ericka Florentine,31,Química
Bernadene Millyard,53,Física
Cathee Ruddiman,74,Química
Lynde Gheerhaert,94,Física
Pall Grave,62,Matemática
Micky Coombes,37,Química
Christoper Hammon,32,Matemática
Shawn Oakhill,33,Química
Jasen Keming,58,Química
Brigham Parkhouse,75,Química
Hogan Leipnik,52,Química
Jeremias Lawson,21,Matemática
Nomi Ollett,19,Matemática
Gerda Klemt,91,Matemática
Timmie Partleton,31,Física
Ody Mcmanaman,36,Matemática
Randa Miebes,81,Física
Bancroft Scroggs,29,Física
Auria Coopper,87,Química
Katharyn Carlton,46,Química
Adena Freezor,27,Matemática
Brand Hallatt,81,Química
Stanislaw Kettlesting,76,Química
Israel Jervois,59,Física
Marcia Babington,62,Química
Scarlett Pittendreigh,59,Química
Cornelius Keary,59,Química
Brandon Alenshev,80,Matemática
Alena Gaspar,80,Matemática
Ermentrude Bollands,98,Física
Tommy Wetherill,23,Química
Felice Gaskin,82,Química
Rodolphe Cubin,76,Matemática
Iolande Cosyns,91,Química
Bryant Dunley,29,Matemática
Gabbie Martusewicz,86,Física
Hasheem Stewartson,97,Física
Joeann Padwick,98,Matemática
Fina Tawn,99,Matemática
Aldwin Gascar,91,Química
Berna Lashford,42,Matemática
Durand Kimbley,25,Matemática
Shelton Jeacocke,61,Química
Uta Thomton,78,Física
Mame Aldwich,31,Química
Nickey Fields,44,Matemática
Davon Kear,48,Química
Catie Balham,47,Física
Miquela McDermott-Row,59,Química
Emlynn Mithan,39,Física
Tandi Inns,28,Química
Emmie Southwell,86,Matemática
Flossy Adam,58,Matemática
Lindi Dallewater,43,Matemática
Mela De Ferrari,22,Matemática
Abel Heffron,90,Matemática
Kelwin Blaskett,69,Química
Orsola Pellew,46,Física
Dorotea Diddams,45,Matemática
Dode Norcliff,58,Física
Jeanine Laurant,77,Química
Alberta Verbruggen,37,Química
Ashla Bastiman,62,Física
Skipp Glayzer,80,Física
Aprilette Trowle,41,Matemática
Pooh Morgue,97,Matemática
Thaddus Gambell,84,Química
Giacopo Rubinsohn,59,Química
Alvina Toor,73,Matemática
Eirena Jeavon,40,Física
Ginelle Buddleigh,37,Química
Waylan Scrange,61,Física
Cornie Okeshott,75,Matemática
Hilary Bellord,92,Química
De witt Joburn,18,Física
Jany Chandlar,82,Física
Costa Andersson,48,Física
Abbe Sygroves,59,Física
Sigismond Dorken,22,Química
Pansie Wenden,99,Química
Sorcha Cruikshank,49,Química
Mada Blick,84,Física
Hurleigh Brazenor,74,Química
Susan Hamson,24,Química
Chrissy Skingley,27,Matemática
Colene Dykas,53,Física
Price Antonoczyk,37,Física
Filip Aronow,69,Matemática
Dale Hugk,47,Química
Gerik Storr,64,Física
Jedd Hurd,63,Matemática
Karolina Bartkiewicz,90,Química
Nanon Pakenham,42,Física
Reba Coper,58,Química
Huntington Axton,65,Matemática
Kris Crow,70,Física
Faunie Heamus,43,Matemática
Ophelie Dunge,79,Matemática
Zia Troker,83,Matemática
Mildred MacAlister,56,Matemática
Joyous Scardafield,37,Matemática
Robinette Fayer,76,Matemática
Rriocard Argont,93,Química
Elbert Llorens,91,Química
Lisette Stoneham,40,Matemática
Giulia Bompass,61,Química
Rachelle Dobby,82,Matemática
Hoyt Pringley,79,Química
Ebeneser Bruno,87,Química
Leone Fridlington,91,Física
Lidia Oatley,59,Matemática
Traver Williams,49,Física
Gabbey Blackborne,28,Matemática
Grazia Tanzer,85,Matemática
Jarrad Thorn,19,Química
Joaquin Cartman,47,Matemática
Domini Amsden,73,Física
Holly-anne Whewill,32,Física
Ferrell de Tocqueville,25,Matemática
Bancroft Purvey,22,Física
