sg_base,ds_base,orgao_id_orgao_-_nm_ugd,sg_rename_periodo,tp_informacao_publica,tp_informacao_sigiliosa,sg_periodo_atualizacao
Acervo educacional sobre água - ConhecerRH,Repositório de conteúdos educacionais em recursos hídricos,Agência Nacional de Águas e Saneamento Básico,MENSAL,SIM,NAO,ME
Acompanhamento das Cotas de Importação,"Relaciona as cotas tarifárias de importação vigentes, com informações sobre a utilização de cada produto contingenciado.",Ministério da Economia,MENSAL,SIM,NAO,ME
Alterações Orçamentárias (créditos),"Contém dados dos orçamentos fiscal e da seguridade social, relacionados aos créditos adicionais e às alterações orçamentárias, compreendidos em um exercício fiscal.",Ministério da Economia,ANUAL,SIM,NAO,AN
Aplicativo Água e Esgotos - Água e Esgotos,Aplicativo que disponibiliza os dados e informações do projeto Atlas Abastecimento de Água  e Atlas Esgotos - Despoluição de Baias Hidrográficas,Agência Nacional de Águas e Saneamento Básico,ANUAL,SIM,NAO,AN
Aplicativo Declara Água - Declara Água,O Declara Água é uma ferramenta simples para que os usuários de recursos hídricos monitore e acompanhe o uso da água. É uma importante aliada para quem detém outorgas.,Agência Nacional de Águas e Saneamento Básico,MENSAL,NAO,NAO,ME
Arcos - Arcos,"Sistema responsável pelo registro dos funcionários de Embaixadas, Repartições Consulares e Organização Internacionais. ",Ministério das Relações Exteriores,DIÁRIA,SIM,SIM,DI
Arquivos históricos digitais,"Bases contendo todo o acervo arquivístico digitalizado e disponibilizado ao usuário dos seguintes titulares: Rui Barbosa, Ubaldino do Amaral, José Antunes R. de Oliveira Catramby, Eduardo Prado",Fundação Casa de Rui Barbosa,SOB DEMANDA,SIM,NAO,DE
Banco Multidimensional de Estatísticas - BME,Microdados de algumas pesquisas do IBGE,Instituto Brasileiro de Geografia e Estatística,SOB DEMANDA,SIM,SIM,DE
Banco Nacional de Dados de Informação Meteorológica - INMET DB,Base referente aos dados climatológicos do Brasil e de alguns países da América do Sul. ,"Ministério da Agricultura, Pecuária e Abastecimento",DIÁRIA,SIM,NAO,DI
Base de Dados da Agricultura Brasileira - AGROBASE,"Base de dados sobre agricultura brasileira, com documentos históricos","Ministério da Agricultura, Pecuária e Abastecimento",TRIMENSAL,SIM,NAO,TR
Base de Dados do SIEST (Sistema de Informações das Estatais) - SIEST,Base de dados transacional do Sistema SIEST (Sistema de Informações das Estatais),Secretaria de Coordenação e Governança das Empresas Estatais,TRIMENSAL,SIM,SIM,TR
Base SEPPI - SEPPI,Constam diversas informações e status dos projetos qualificados no PPI,Secretaria Especial do Programa de Parcerias de Investimentos,SEMESTRAL,SIM,NAO,ST
Benefícios Financeiros e Creditícios,Demonstrativo previsto no §6º do artigo 165 da Constituição Federal e que compõe a Prestação de Contas do Presidente da República.,Ministério da Economia,ANUAL,SIM,NAO,AN
Biblioteca da ANEEL - SOPHIA,Sistema de gestão da biblioteca da ANEEL.,Agência Nacional de Energia Elétrica,DIÁRIA,SIM,NAO,DI
Cadastro Ambiental Rural - CAR,"Dados declaratórios dos perímetros de imóveis rurais e das informações de cobertura do solo (áreas de vegetação nativa e de uso rural consolidado), Áreas de Preservação Permanente, Áreas de Uso Restrito e Áreas de Reserva Legal.",Serviço Florestal Brasileiro,DIÁRIA,SIM,SIM,DI
Cadastro de Agentes - CDA,Sistema de cadastrado de pessoas jurídicas e físicas com algum tipo de relacionamento com a ANEEL para utilização de notificação eletrônica.,Agência Nacional de Energia Elétrica,SEMANAL,SIM,NAO,SM
Cadastro de Entidades e Planos - CADPREVIC,O objetivo é a comunicação entre PREVIC e Entidades Fechadas de Previdência Complementar (EFPC) em relação a planos de benefícios previdenciários. Também funciona cono repositório de movimentações de 2008 - atual.,Superintendência Nacional de Previdência Complementar,SOB DEMANDA,NAO,NAO,DE
Cadastro de Imóveis Funcionais - CIF,"Sistema de apoio à administração dos imóveis funcionais da União, permite gerenciar a arrecadação de receitas patrimoniais devidas pelo uso dos Imóveis da União e o pagamento de condomínios e taxas.",Secretaria de Coordenação e Governança do Patrimônio da União,DIÁRIA,SIM,SIM,DI
Cadastro de Inadimplentes - INADIMPLENTES,Controla a inadimplência dos agentes em relação a obrigações intrassetoriais e possibilita a emissão do Certificado de Adimplemento.,Agência Nacional de Energia Elétrica,DIÁRIA,SIM,SIM,DI
Cadastro de Inspeções de Segurança de Barragens - Inspeção Barragem,Sistema para registro de inspeções de segurança regulares de barragens online,Agência Nacional de Águas e Saneamento Básico,SEMESTRAL,NAO,SIM,ST
Cadastro de Levantamentos Aeroespaciais do Território Nacional - CLATEN,"O Sistema de Cadastro de Levantamentos Aeroespaciais do Território Nacional (SisCLATEN), tem por finalidade realizar o controle dos processos de inscrição de empresas e autorização da execução dos projetos de aerolevantamentos no País.",Ministério da Defesa,SOB DEMANDA,SIM,NAO,DE
Cadastro de Processos Jurídicos - SCPJ,Sistema para cadastrar liminares ou decisões judiciais que determinem a suspensão da exigibilidade de créditos.,Advocacia Geral da União,DIÁRIA,SIM,NAO,DI
Cadastro de Servidores e Colaboradores da ANEEL - SISRH 2,Controla o cadastro de dados dos servidores e colaboradores que exercem atividades profissionais na ANEEL. ,Agência Nacional de Energia Elétrica,MENSAL,SIM,SIM,ME
Cadastro Integrado de Projetos de Investimento em Infraestrutura - CIPI,"Cadastros de obras, estudos, projetos e outros investimentos relativos a infraestrutura.",Ministério da Economia,DIÁRIA,SIM,SIM,DI
Cadastro Nacional de Dirigentes - CAND,Sistema de cadastro de dirigentes relacionados à previdência complementar.,Superintendência Nacional de Previdência Complementar,SOB DEMANDA,SIM,SIM,DE
Cadastro Nacional de Informações Sociais - CNIS," O CNIS (Cadastro de Informações Sociais) é um cadastro de governo que mantém informações sobre a vida laborativa, previdenciária e social do cidadão",Instituto Nacional do Seguro Social,DIÁRIA,NAO,SIM,DI
Cadastro Nacional de Usuários de Recursos Hídricos - CNARH40,Sistema que registra os usuários de recursos hídricos de todo o Brasil.,Agência Nacional de Águas e Saneamento Básico,DIÁRIA,SIM,NAO,DI
Cadastro Nacional de Usuários de Recursos Hídricos – Histórico - CNARH_HISTORICO,Sistema para consulta à base histórica de usuários de recursos hídricos existentes no CNARH1.0,Agência Nacional de Águas e Saneamento Básico,SOB DEMANDA,NAO,NAO,DE
Cadeia Societária - POLÍMERO,Sistema de controle da cadeia societária dos agentes dos segmentos de transmissão e distribuição.,Agência Nacional de Energia Elétrica,MENSAL,SIM,NAO,ME
Cálculo da Tarifa de Referência - CTR,Calcula os custos marginais de capacidade dos diferentes Consumidores-Tipo e  determina a estrutura vertical da empresa para os diferentes postos tarifários cadastrados.,Agência Nacional de Energia Elétrica,SEMANAL,SIM,NAO,SM
Cálculo da Taxa de Fiscalização - CALCULOTAXA,"Efetua o cálculo do valor anual devido da Taxa de Fiscalização de Serviços de Energia Elétrica – TFSEE pelos concessionários de serviço público, autoprodutores e produtores independentes de energia elétrica.",Agência Nacional de Energia Elétrica,MENSAL,SIM,NAO,ME
Catálogo de Materiais - CATMAT,Módulo de catalogação de materiais.,Ministério da Economia,DIÁRIA,SIM,NAO,DI
Catálogo de Órgãos do SISP,"Órgãos, que fazem parte do Sistema de Administração dos Recursos de Tecnologia da Informação - SISP, bem como seus respectivos dirigentes de TI.",Ministério da Economia,TRIMENSAL,SIM,NAO,TR
Catraca,Sistema pessoal para controle de ponto pelo usuário,Ministério das Relações Exteriores,DIÁRIA,SIM,SIM,DI
Certificação de Entidades e Técnicos - CET,Sistema que cadastra as entidades e técnicos a fim de fornecer habilitação e certificação para operacionalizar o Programa Nacional de Crédito Fundiário - PNCF/Terra Brasil.,"Ministério da Agricultura, Pecuária e Abastecimento",DIÁRIA,SIM,SIM,DI
CMCE,Sistema de convidados e eventos,Ministério das Relações Exteriores,DIÁRIA,NAO,NAO,DI
CNIS - Segurado Especial - CNISSE,"Cadastro dos Segurados especiais, incluindo: trabalhadores rurais que produzem em regime de economia familiar, pescador artesanal e o índio que exerce atividade rural, e os familiares que participam da PRO (regime de economia familiar).",Instituto Nacional do Seguro Social,DIÁRIA,NAO,SIM,DI
Compensação Financeira pela Utilização de Recursos Hídricos - CMPFRH,"Implementa o cálculo de coeficientes de participação, recolhimento e gestão de royalties referentes à Itaipu Binacional e da compensação financeira pela utilização de recursos hídricos.",Agência Nacional de Energia Elétrica,MENSAL,SIM,SIM,ME
Compras.gov.br Contratos,Sistema de Gestão de Contratos do Compras.Gov.br,Ministério da Economia,DIÁRIA,SIM,NAO,DI
Concórdia ,Sistema de Atos Internacionais,Ministério das Relações Exteriores,DIÁRIA,SIM,NAO,DI
Consulta de Dados Públicos - Instalação SIMP - Módulo da Superintendência de Distribuição e Logística - CPL - Instalação SIMP - SDL,Consulta pública de instalações de agentes regulados pela Superintendência de Distribuição e Logística.,"Agência Nacional do Petróleo, Gás Natural e Biocombustíveis",DIÁRIA,SIM,NAO,DI
Controle da Dívida Ativa - SCDA,Registro da dívida ativa da ANS.,Advocacia Geral da União,DIÁRIA,SIM,NAO,DI
Controle da Taxa de Fiscalização - TAXA,Controla a arrecadação e inadimplência dos pagamentos referentes da Taxa de Fiscalização de Serviços de Energia Elétrica – TFSEE.,Agência Nacional de Energia Elétrica,MENSAL,SIM,NAO,ME
Controle de Acesso - ACESSONET,Sistema de controle de acesso ao prédio-sede da ANEEL.,Agência Nacional de Energia Elétrica,DIÁRIA,SIM,NAO,DI
Controle de Acesso - Ccure,Base com informações sobre acessos de pessoas às dependências da FCRB por meio do uso de crachá e biometria.,Fundação Casa de Rui Barbosa,DIÁRIA,SIM,NAO,DI
Controle de Ações Judiciais - SICAJ,Módulo destinado a tratamento de questões remuneratórias originárias de decisão juicial.,Ministério da Economia,MENSAL,NAO,SIM,ME
Controle de Almoxarifado - SIADS,Base com informações sobre os materias de consumo da FCRB,Fundação Casa de Rui Barbosa,DIÁRIA,NAO,NAO,DI
Controle de Frota - SIADS,Base com informações sobre a frota de veículos,Fundação Casa de Rui Barbosa,DIÁRIA,NAO,NAO,DI
Controle de Marcação Compulsória de Produtos - CMCP,Sistema utilizado para a gestão do Programa de Marcação Compulsória de Produtos.,"Agência Nacional do Petróleo, Gás Natural e Biocombustíveis",DIÁRIA,NAO,SIM,DI
Controle de Numeração - Numerar,Controla a numeração dos documentos e atos administrativos gerados por cada UORG.,Agência Nacional de Energia Elétrica,DIÁRIA,SIM,NAO,DI
Controle de Patrimônio - SIADS,Base com informações sobre o número de tombo e localização do bem patrimonial,Fundação Casa de Rui Barbosa,DIÁRIA,NAO,NAO,DI
Controle de Processos da SCG - CPSCG,Solução de controle de processos administrativos da Superintendência de Concessões de Geração - SCG.,Agência Nacional de Energia Elétrica,MENSAL,SIM,NAO,ME
Controle de Processos da SMA - Processos,"Solução para controle de processos administrativos da Superintendência de Mediação Administrativa, Ouvidoria Setorial e Participação Pública - SMA.",Agência Nacional de Energia Elétrica,MENSAL,SIM,NAO,ME
Cordilheira - CAD,Sistema de Single-Sign-On para todas as novas aplicações ,Ministério das Relações Exteriores,DIÁRIA,NAO,SIM,DI
Cotas de Exportação,Regras e utilização das cotas de exportação.,Ministério da Economia,MENSAL,SIM,NAO,ME
Dados da Cacauicultura no Estado do Pará - Dados da Cacauicultura no Estado do Para,"Reúne dados e área de desenvolvimento e savreira, produção, produtividade e númeto de agricultores responsáveis por este plantil, sendo responsabilidade da Comissão Executiva do Plano da Lavoura Cacaueira - SEPLAC","Ministério da Agricultura, Pecuária e Abastecimento",SEMESTRAL,SIM,NAO,ST
Dados de Pequenas Centrais Hidrelétricas/Eólicas - PCH/EOL,Serviço de recepção e estruturação de dados que permitem o acompanhamento dos empreendimentos de geração de Pequenas Centrais Hidrelétricas - PCH e Eólicas - EOL.,Agência Nacional de Energia Elétrica,MENSAL,SIM,NAO,ME
Dados de Usinas Hidrelétricas - UHE,Serviço de recepção e estrutura de dados que permitem a fiscalização dos empreendimentos de geração hidrelétrica.,Agência Nacional de Energia Elétrica,MENSAL,SIM,NAO,ME
Dados diversos referente à arrecadação de loterias,"Dados de arrecadação total e por modalidade de loteria, repasses sociais e imposto de renda das loterias federais administradas pela CAIXA.",Ministério da Economia,TRIMENSAL,SIM,NAO,TR
Dados diversos referente às promoções comerciais,Dados referente à quantidade de autorizações de promoções comerciais e imposto de renda arrecadado.,Ministério da Economia,SOB DEMANDA,SIM,NAO,DE
Dados do Sistema de Acompanhamento de Manutenção - SAM,Serviço de recepção e estruturação de dados que permitem o acompanhamento e monitoramento dos serviços de transmissão.,Agência Nacional de Energia Elétrica,MENSAL,SIM,NAO,ME
Dados do Sistema Integrado de Pertubações - SIPER,Serviço de recepção e estruturação de dados sobre desligamentos forçados do Operador Nacional do Sistema (ONS) para apoio à tomada de decisão.,Agência Nacional de Energia Elétrica,MENSAL,SIM,NAO,ME
Data Warehouse do SIASG - DW-SIASG,Data Warehouse dos sistemas de Compras Governamentais (DW-SIASG),Ministério da Economia,MENSAL,NAO,NAO,ME
Data Warehouse do SIEST - SIEST DW,Data Warehouse do módulo de Política de Pessoal das Estatais (PPE) para consultas gerenciais e estratégicas sobre os dados de pessoal das empresas estatais federais.,Secretaria de Coordenação e Governança das Empresas Estatais,DIÁRIA,NAO,SIM,DI
DataWarehouse SIAPE - DW SIAPE,Solução analítica que disponibiliza os dados do Siape.,Ministério da Economia,MENSAL,NAO,SIM,ME
Declaração de Aptidão ao PRONAF - DAP, Base referente ao sistema de identificação do agricultor familiar cadastrado no Programa Nacional de Fortalecimento da Agricultura Familiar - PRONAF.,"Ministério da Agricultura, Pecuária e Abastecimento",DIÁRIA,SIM,SIM,DI
Demonstrações Atuariais da EFPC - Demonstrações Atuariais,Informações Atuariais de Entidades Fechadas de Previdência Complementar - EFPC.,Superintendência Nacional de Previdência Complementar,ANUAL,SIM,SIM,AN
Determinações da Diretoria - SISCADE,Permite o cadastro e o controle de demandas e determinações da Diretoria da ANEEL para as UORGs.,Agência Nacional de Energia Elétrica,MENSAL,SIM,SIM,ME
Dívida Ativa FGTS,Base de dados do oriunda do DW - PGFN,Procuradoria-Geral da Fazenda Nacional,TRIMENSAL,SIM,NAO,TR
Dívida Ativa SIDA,Base de dados do oriunda do DW - PGFN,Procuradoria-Geral da Fazenda Nacional,TRIMENSAL,SIM,NAO,TR
e-Consular,Sistema para o cidadão solicitar serviços junto às repartições consulares brasileiras no exterior.,Ministério das Relações Exteriores,SOB DEMANDA,SIM,NAO,DE
E-docs - edocs,Sistema de Gestão e Controle de Documentos,Ministério das Relações Exteriores,DIÁRIA,NAO,NAO,DI
eBID,Sistema disponibilizado no portal BDEP para as empresas poderem adquirir os pacotes de dados referentes às áreas que serão leiloadas.,"Agência Nacional do Petróleo, Gás Natural e Biocombustíveis",SOB DEMANDA,SIM,NAO,DE
Empresas usuárias de drawback suspensão e isenção,"Empresas usuárias de drawback suspensão e isenção, por ano, para o público saber quem usa esta ferramenta de incentivo às exportações.",Ministério da Economia,ANUAL,SIM,NAO,AN
Empresas.NET - ENET,Sistema para recebimento de informações periódicas e eventuais de companhias,Comissão de Valores Mobiliários,SOB DEMANDA,SIM,NAO,DE
Estatística de Anistiados - Anistia,Nesta Base é informado o somatório do efetivo e valores pagos como prestção única acumulativas mensalmente e o somatório do efetivo e valores pagos como parcela mensal.,Ministério da Defesa,MENSAL,SIM,NAO,ME
Estatística de Atividades em Missão de Paz no Líbano - MPLibano,Divulgar os efetivos de tropas empregados na missão de paz no Líbano.,Ministério da Defesa,SOB DEMANDA,SIM,NAO,DE
Estatística de Atividades em Missões de Paz no Haiti - MPHaiti,Divulgar os efetivos de tropas empregados na missão de paz no Haiti.,Ministério da Defesa,SOB DEMANDA,SIM,NAO,DE
Estatística de Contratos da administração central do Ministério da Defesa - Contratos ACMD,"A finalidade desta base é fornecer aos cidadãos informações referente aos contratos vigentes no âmbito da administração central do Ministério da Defesa, conforme estrutura definida no art. 68 do Anexo I do Decreto nº 9570/2018.",Ministério da Defesa,MENSAL,SIM,NAO,ME
Estatística de Execução Orçamentária das unidades do Ministério da Defesa - Execução_Orçamentária_MD,Execução Orçamentária,Ministério da Defesa,MENSAL,SIM,NAO,ME
Estatística de Série Histórica Global da Execução Orçamentária do MD - Execução Orçamentária,"Série histórica de 10 anos da execução orçamentária dos orçamentos fiscal e da seguridade social, por Grupos de Natureza de Despesa, das unidades  orçamentárias do MD",Ministério da Defesa,SEMANAL,SIM,NAO,SM
Estatísticas do Projeto Soldado Cidadão - Soldado Cidadão,Informar o número de militares que foram qualificados com os recursos da Ação Orçamentária 6557 em cada Força Singular.,Ministério da Defesa,ANUAL,SIM,NAO,AN
Estatístico de População e Benefício - EPB,Sistema com as informações cadastrais consolidadas dos grupos de participantes e assistidos pelo benefício da previdência privada.,Superintendência Nacional de Previdência Complementar,SEMESTRAL,SIM,NAO,ST
Exportações por NCM desde 1997,Base dados estatísticos do comércio exterior brasileiro. Detalhamento principal em produtos.,Ministério da Economia,MENSAL,SIM,NAO,ME
Ferramenta de Rasterização de Séries Temporais - FRST - FRST,Sistema para análise de gráficos pluviométricos,Agência Nacional de Águas e Saneamento Básico,ANUAL,SIM,NAO,AN
Formulário de Avaliação de Desempenho - FAD,Realiza a coleta dos dados da avaliação de desempenho individual periódica dos servidores.,Agência Nacional de Energia Elétrica,SEMESTRAL,SIM,SIM,ST
Formulário de Segurança de Barragens - FSB,Possibilita o monitoramento das manutenções realizadas em barragens de geração hidroelétrica.,Agência Nacional de Energia Elétrica,MENSAL,SIM,NAO,ME
Formulários Dinâmicos de Gestão de Políticas de Desenvolvimento Tecnológico - FORMS.MCTI,Gestão do capítulo III da Lei do Bem; Gestão do registro de propriedade intelectual governamental e Gestão de incentivo a Micro e Pequenas Empresas.,"Ministério da Ciência, Tecnologia, Inovações e Comunicações",ANUAL,SIM,SIM,AN
Fundo de Defesa da Economia Cafeeira - FUNCAFÉ,Automatização dos controles referentes à operacionalização das linhas de crédito amparadas com recursos do Fundo de Defesa da Economia Cafeeira (Funcafé).,"Ministério da Agricultura, Pecuária e Abastecimento",DIÁRIA,SIM,SIM,DI
Gastos de pessoal com Auxílios - Auxilios,"O Conjunto de dados contempla os pagamentos feitos aos servidores públicos federais com auxílios, como o auxílio de alimentação, transporte, pré-escolar, funeral, reclusão, entre outros.",Ministério da Economia,MENSAL,NAO,NAO,ME
Geoespacial da Área de Floresta - GEO,"Base de dados sobre área de floresta, uso de floresta, estado e conservação de floresta.",Serviço Florestal Brasileiro,ANUAL,SIM,NAO,AN
Gestão de Contas - GDC,Sistema de gestão de contas ,Ministério das Relações Exteriores,DIÁRIA,NAO,SIM,DI
Gestão de contratos convênios e licitações,"Base com informações sobre a gestão de contratos administrativos, alertas sobre ações como término de vigência.",Fundação Casa de Rui Barbosa,DIÁRIA,SIM,NAO,DI
Gestão de Informações de Campos Eletromagnéticos - GCEM,Consolida as informações sobre campos eletromagnéticos coletadas pela ANEEL.,Agência Nacional de Energia Elétrica,MENSAL,SIM,NAO,ME
Gestão de Outorgas de Geração - OUTORGAS,Armazena informações relativas as habilitações conferidas aos proprietários de empreendimentos de geração de energia elétrica.,Agência Nacional de Energia Elétrica,SEMANAL,SIM,NAO,SM
Gestão de Pessoas (Executivo Federal) - Pensionistas,"As informações disponibilizadas referem-se ao pagamento (rendimento bruto) recebido por pensionistas de servidores instituidores de pensão, constantes no Sistema Integrado de Administração de Pessoal (Siape).",Ministério da Economia,MENSAL,SIM,NAO,ME
Gestão de Usuários - GU,Solução de gerenciamento da base de dados de informações referentes aos usuários que acessam sistemas e aplicativos da ANEEL.,Agência Nacional de Energia Elétrica,MENSAL,SIM,SIM,ME
Gestão Eletrônica de Documentos - SICNET,"Solução de gestão de documentos, internos e externos, e processos administrativos da ANEEL.",Agência Nacional de Energia Elétrica,DIÁRIA,SIM,SIM,DI
Gestão Integrada de Pessoas - GIP,"Sistema tem por objetivo substituir o sistema de gestão de pessoas legado(SGRH). O novo sistema será utilizado pela área fim para lotação de servidores, remoção para o exterior, gratificações e funções, solicitação de férias, classificação dos p...",Ministério das Relações Exteriores,DIÁRIA,SIM,SIM,DI
HelpDesk SASG e TI,"Base com informações sobre chamados realizados ao SASG, como manutenção predial e ao STIC, como suporte técnico ao usuário",Fundação Casa de Rui Barbosa,DIÁRIA,SIM,NAO,DI
Iconografia,O banco de dados do acervo iconográfico da Fundação Casa de Rui Barbosa reúne imagens provenientes do Arquivo Histórico e Institucional (Arquivo) e do Arquivo-Museu de Literatura Brasileira (AMLB).,Fundação Casa de Rui Barbosa,MENSAL,SIM,NAO,ME
Indenizações do SCE/FGE,"Valores pagos de indenizações, beneficários e projetos exprotações no âmbito do SCE/FGE",Ministério da Economia,MENSAL,SIM,NAO,ME
Indicadores - BI,Ferramenta destinada ao suporte à análise gerencial dos fatos e resultados relacionados à gestão do patrimônio da União,Secretaria de Coordenação e Governança do Patrimônio da União,ANUAL,SIM,NAO,AN
Indicadores de Qualidade - INDQUAL,"Gerencia a coleta, a metodologia de cálculo e a consolidação dos indicadores de continuidade, conformidade e atendimento emergencial no fornecimento de energia elétrica.",Agência Nacional de Energia Elétrica,MENSAL,SIM,NAO,ME
Índice Aneel de Situação das Outorgas de Geração - IASO/G,Acompanhamento da implantação dos novos empreendimentos de geração.,Agência Nacional de Energia Elétrica,MENSAL,SIM,NAO,ME
Índice Aneel de Situação das Outorgas de Transmissão - IASO/T,Permite o acompanhamento da implantação dos novos empreendimentos de transmissão.,Agência Nacional de Energia Elétrica,MENSAL,SIM,NAO,ME
Índice de Concorrência dos Municípios - ICM,Respostas dicotômicas fornecidas pelos municípios participantes aos quesitos elaborados e determinados para avaliação do ambiente de negócios e concorrencial das cidades.,Ministério da Economia,ANUAL,SIM,NAO,AN
Inscrições em Leilões - LEILÃO,Sistema de gestão de inscrições em leilões organizados pela ANEEL.,Agência Nacional de Energia Elétrica,ANUAL,SIM,SIM,AN
Instrução do Processo Decisório - SIPD,"Realiza o controle da instrução processual dos autos de infração, possui integração e agrega novas informações que não estão no escopo do SIGEFIS.",Agência Nacional de Energia Elétrica,MENSAL,SIM,NAO,ME
Intenção de Registro de Preços - IRP,Registro da Intenção de preço para licitações.,Ministério da Economia,DIÁRIA,SIM,NAO,DI
Intranet,"Base com informações sobre as comunicações internas da FCRB, serviços de colaboração interna.",Fundação Casa de Rui Barbosa,DIÁRIA,SIM,NAO,DI
Inventário de Ativos de TI - OCS Inventory,"Base com informações sobre todas as estações de trabalho, hardware e software detalhados",Fundação Casa de Rui Barbosa,DIÁRIA,SIM,NAO,DI
Inventário de Ativos de TI Base de Conhecimento TI HelpDesk TI - GLPI,"Base com informações sobre todas as estações de trabalho, hardware e software detalhados, Base de conhecimento TI, HelpDesk de TI(implementação)",Fundação Casa de Rui Barbosa,DIÁRIA,SIM,NAO,DI
Inventário Florestal Nacional - IFN,Base de dados sobre as árvores do Brasil.,Serviço Florestal Brasileiro,SOB DEMANDA,SIM,SIM,DE
Lista consolidada de resultados de apuração nacional,Relaciona os bens que passaram por consulta pública de apuração de produção nacional (para fins de autorização de importações de material usado ou de bens sujeitos ao exame de similaridade.,Ministério da Economia,SEMANAL,SIM,NAO,SM
Lista Oficial de Embarcações Pesqueiras Habilitadas para Exportação à UE,"Sistema para solicitar habilitação de embarcação pesqueira para exportação de pescado à União Europeia (UE), via Secretaria de Aquicultura e Pesca através do portal de serviços digitais.","Ministério da Agricultura, Pecuária e Abastecimento",SOB DEMANDA,SIM,SIM,DE
Mais gestão,Sistema de gestão dos trabalhos de assistência técnica à associações e cooperativas rurais.,"Ministério da Agricultura, Pecuária e Abastecimento",SOB DEMANDA,SIM,SIM,DE
Mapa Interativo,"Conjunto de dados vetoriais vinculados a tabela de atributos, a nível escalar da malha municipal que trata das informações sobre as indicações geográficas brasileiras registradas e um levantamento de potenciais produtos vinculados à origem.","Ministério da Agricultura, Pecuária e Abastecimento",SOB DEMANDA,SIM,NAO,DE
Monitoramento de Rede - Zabbix,"Base com informações de funcionamento de ativos de rede, alertas e ações específicos",Fundação Casa de Rui Barbosa,DIÁRIA,SIM,NAO,DI
Movimento nos últimos 12 meses - Drawback Isenção,Movimento nos últimos 12 meses - Drawback Isenção,Ministério da Economia,ANUAL,SIM,NAO,AN
Movimento nos últimos 12 meses - Drawback Suspensão,"Movimento nos últimos 12 meses - Drawback Suspensão, para o público saber o quanto é movimentado (em US$)  baseado nesta ferramenta de incentivo às exportações.",Ministério da Economia,ANUAL,SIM,NAO,AN
Novos Empreendimentos de Geração - SKATE,Permite o acompanhamento da implantação dos novos empreendimentos de geração.,Agência Nacional de Energia Elétrica,MENSAL,SIM,NAO,ME
Obter Crédito Terra Brasil,Base com informações dos interessados e favorecidos pelo Programa Nacional de Crédito Fundiário.,"Ministério da Agricultura, Pecuária e Abastecimento",DIÁRIA,SIM,SIM,DI
Órgãos de Exercício dos ATIs,"Os servidores ocupantes do cargo de Analista em Tecnologia da Informação - ATI, além do exercício na Secretaria de Governo Digital– SGD/ME, também podem atuar, de forma descentralizada, nos diversos órgãos do Sistema de Administração dos Recursos de Tecno",Ministério da Economia,TRIMENSAL,SIM,NAO,TR
Pagamento de Processos Administrativos e Exercícios Anteriores - Paga Processos Admin,Módulo de pagamento de Processos Administrativos e Exercícios Anteriores,Ministério da Economia,MENSAL,NAO,SIM,ME
Painel de Compras COVID-19,"Painel de dados relacionados aos dados de Compras Governamentais constantes do SIASG, com base nos dados do DW-SIASG",Ministério da Economia,MENSAL,SIM,NAO,ME
Painel de Gestão da Capacitação,Painel de gestão de pessoas do mapa que lista as capacitações dos servidores,"Ministério da Agricultura, Pecuária e Abastecimento",DIÁRIA,SIM,SIM,DI
Participação Acionária em Empreendimentos - PARACEMP,Controla os recebimentos de dados e apresenta a participação acionária em empreendimentos de geração.,Agência Nacional de Energia Elétrica,MENSAL,SIM,NAO,ME
Participações sociais das agências reguladoras,"Trata-se de banco de dados contendo as participações sociais abertas pelas 12 agências reguladoras, para permitir consulta centralizada pela população em geral.",Ministério da Economia,SEMANAL,SIM,NAO,SM
Plataforma +Brasil - P+BR,"Ferramenta integrada e centralizada, destinada à informatização e à operacionalização das transferências de recursos oriundos da União para estados, municípios, consórcios públicos e entidades privadas sem fins lucrativos, por meio dos seguintes instrumen",Ministério da Economia,DIÁRIA,SIM,NAO,DI
Plataforma de Pesquisas da Legislação da Defesa - MDLEGIS,Banco de dados de legislação,Ministério da Defesa,SOB DEMANDA,SIM,NAO,DE
Ponto Eletrônico - PONTONET,Solução de controle do ponto eletrônico dos servidores da ANEEL.,Agência Nacional de Energia Elétrica,DIÁRIA,SIM,SIM,DI
Portal A3P - Portal A3P,Portal sobre o Programa A3P,Ministério do Meio Ambiente,DIÁRIA,NAO,NAO,DI
Portal Colaborativo - PCSPU,"Ferramenta de comunicação na forma de uma rede social de aprendizado, voltada para o compartilhamento do conhecimento, aprendizado contínuo e disseminação dos valores da SPU.",Secretaria de Coordenação e Governança do Patrimônio da União,DIÁRIA,NAO,NAO,DI
Portal Consular,"Portal com informações sobre países, alertas, obtenção de vistos, etc.",Ministério das Relações Exteriores,DIÁRIA,SIM,NAO,DI
Portal de Acesso ao SIAPE - SIAPENet,Sistema de Acesso Web (Internet) às informações armazenadas na base de dados do SIAPE.,Ministério da Economia,MENSAL,NAO,SIM,ME
Portal de Informações Agropecuárias - Portal da CONAB,Portal que agrega todas as informações da agropecuária geradas pela CONAB.,Companhia Nacional de Abastecimento,SEMANAL,SIM,NAO,SM
Portal de Metadados Geoespaciais da ANA - Metadados,Sistema para gestão de metadados e disponibilização de dados e informações geoespaciais da ANA.,Agência Nacional de Águas e Saneamento Básico,SOB DEMANDA,SIM,NAO,DE
Portal de Serviços da SPU - PORTAL SPU,"Ferramenta que visa apoiar a estratégia de comunicação da SPU, com o objetivo de prover mais serviços para o cidadão por meio de integrações com os sistemas transacionais existentes.",Secretaria de Coordenação e Governança do Patrimônio da União,DIÁRIA,SIM,SIM,DI
Portal de venda de imóveis da União - VENDASGOV,Portal com fluxo de imóveis públicos federais disponíveis para alienação ofertados pela SPU após trâmite de desembaraço legal dos imóveis para alienação.,Secretaria de Coordenação e Governança do Patrimônio da União,DIÁRIA,SIM,NAO,DI
Portal Itamaraty,Portal com informaçõe sobre o Itamaraty e atividades diplomáticas,Ministério das Relações Exteriores,DIÁRIA,SIM,NAO,DI
Portal sobre o Programa Calha Norte - Vertente Civil - PCN - Civil,"Possibilitar o acompanhamento das emendas parlamentares, que tem o DPCN como Concedente (Vertente Civil).",Ministério da Defesa,ANUAL,SIM,NAO,AN
Portal sobre o Projeto Rondon - Projeto Rondon,Projeto RONDON Lição de vida e cidadania,Ministério da Defesa,SOB DEMANDA,NAO,NAO,DE
Processos Tramitados,Planilha de controle dos processos administrativos relativos à regularização fundiária.,"Ministério da Agricultura, Pecuária e Abastecimento",DIÁRIA,NAO,SIM,DI
Programa Gerador de Ofertas - GEOF,"Permite a geração de documentação padronizada, a ser apresentada por licitantes inscritos, como requisito obrigatório para apresentação de ofertas nos certames licitatórios para outorga de contratos de concessão e de partilha de produção sobre áreas de ex","Agência Nacional do Petróleo, Gás Natural e Biocombustíveis",SOB DEMANDA,NAO,SIM,DE
Programa Nacional de Desenvolvimento da Pesca Amadora - PNDPA,Sistema que contém o registro do pescador amador para concessão de licença da prática de pesca amadora esportiva,"Ministério da Agricultura, Pecuária e Abastecimento",DIÁRIA,SIM,SIM,DI
Programa Nacional de Melhoria da Qualidade do Leite - PNQL,Base com dados das análises laboratoriais dos produtos de origem animal que fazem parte dos programas especiais do MAPA.,"Ministério da Agricultura, Pecuária e Abastecimento",DIÁRIA,SIM,SIM,DI
Protocolo Digital - PD,"O Protocolo Digital é um serviço que possibilita aos cidadãos (portador ou interessado), aos órgãos e entidades da administração pública federal e às empresas privadas protocolar documentos e processos de forma eletrônica, pela internet.",Ministério da Economia,DIÁRIA,SIM,SIM,DI
Protocolo Integrado - PI,O Protocolo Integrado é um sistema de integração de informações de processos e documentos da Administração Pública Federal. Ele tem a função de ser um canal de comunicação com a população para consulta à tramitação de processos e documentos.,Ministério da Economia,MENSAL,SIM,NAO,ME
PROTON - Módulo de Cultivare Protegidos - PROTON,A base de cultivares protegidas por direito de propriedade intelectual. ,"Ministério da Agricultura, Pecuária e Abastecimento",DIÁRIA,SIM,SIM,DI
Recebimento de Arquivos Eletrônicos - DUTO/DUTONET,"Solução de recebimento de informações, por meio de arquivos eletrônicos, de agentes regulados pela ANEEL.",Agência Nacional de Energia Elétrica,DIÁRIA,SIM,NAO,DI
REDD+ Brasil - REDD+ Brasil,Portal como informações que trata de financiamento para mudanças do clima e florestas.,Ministério do Meio Ambiente,SOB DEMANDA,SIM,NAO,DE
Registro Geral de Produtos - RGP,"Sistema utilizado para cadastro dos produtos registrados junto à ANP, tais como óleos e graxas lubrificantes. Especificação de óleos e graxas lubrificantes conforme Resolução ANP nº 804/2019.","Agência Nacional do Petróleo, Gás Natural e Biocombustíveis",MENSAL,SIM,SIM,ME
Relação de softwares no SPB,Portal do Software Público Brasileiro,Ministério da Economia,SEMESTRAL,SIM,NAO,ST
Relatório de dados consolidados de drawback suspensão e isenção,"Relatório de dados consolidados de drawback suspensão e isenção, para o público verificar produtos e valores exportados ao amparo desta ferramenta de incentivo às exportações.",Ministério da Economia,MENSAL,SIM,NAO,ME
Relatórios de Monitoramento sobre os Contratos de Gestão firmados pelo ME,"Informações disponibilizadas visam informar resultados dos indicadores e progresso de objetivos de desenvolvimento institucional firmados no âmbito dos Contratos de Gestão firmados pela SEPEC. Também apresentam a análise pelas Comissões de Orientação, Aco",Ministério da Economia,SEMESTRAL,SIM,NAO,ST
Repositório da Memória das Olimpíadas,Base com informações sobre as olimpíadas no Rio de Janeiro em 2016,Fundação Casa de Rui Barbosa,SOB DEMANDA,SIM,NAO,DE
Repositório Rui Barbosa de Informações Culturais   - Rubi,"Repositório concebido na plataforma DSpace para possibilitar, de forma integrada, a gestão, visualização e divulgação dos acervos arquivísticos, bibliográficos e museológicos, bem como a PRO intelectual técnico-científica da FCRB.",Fundação Casa de Rui Barbosa,ANUAL,SIM,NAO,AN
Rol de documentos Classificados e Desclassificados - Rol,Rol de documentos Classificados e Desclassificados,Ministério da Defesa,ANUAL,SIM,NAO,AN
SCI - sci,Sistema de controle de toda a documentação produzida nos consulados do Brasil,Ministério das Relações Exteriores,DIÁRIA,NAO,NAO,DI
SEPROD,Sistema para confecção de documentos (legado),Ministério das Relações Exteriores,DIÁRIA,NAO,SIM,DI
Service Desk da ANEEL - SYSAID,"Solução de Service Desk da ANEEL, para controle do atendimento de demandas de tecnologia da informação.",Agência Nacional de Energia Elétrica,DIÁRIA,SIM,NAO,DI
Serviço Militar Obrigatório - SMO,Prestar informações sobre serviço militar obrigatório.,Ministério da Defesa,SEMESTRAL,SIM,SIM,ST
Sistema Brasileiro de Rastreabilidade da Cadeia Produtiva de Bovinos e Bubalinos - SISBOV,Registrar e identificar o rebanho bovino e bubalino do território nacional possibilitando o rastreamento do animal desde o nascimento até o abate.,"Ministério da Agricultura, Pecuária e Abastecimento",SOB DEMANDA,SIM,SIM,DE
Sistema Brasileiro de Vigilância e Emergência Veterinária - E-SISBRAVET,"Automatizar as atividades de vigilância e emergência veterinárias. Estas são agrupadas e organizadas nas fases de investigação, alerta, emergência e conclusão.","Ministério da Agricultura, Pecuária e Abastecimento",SOB DEMANDA,NAO,SIM,DE
Sistema Cadeia de Custódia - SCC,"Base pertencente ao Sistema de Cadeia de Custódia, voltada para o controle florestal e a rastreabilidade da madeira fruto da licitação de áreas de florestas públicas.",Serviço Florestal Brasileiro,DIÁRIA,SIM,SIM,DI
Sistema Channel - Channel,Sistema de gestão de portfólio e de projetos da Agência,Agência Nacional de Águas e Saneamento Básico,DIÁRIA,NAO,NAO,DI
Sistema de Acesso aos Dados Técnicos da ANP - Sistemas BDEP,Sistema que permite o acesso ao acervo das informações e dados técnicos das bacias sedimentares brasileiras. Sitemas para envio de dados e informações técnicas à ANP.,"Agência Nacional do Petróleo, Gás Natural e Biocombustíveis",DIÁRIA,SIM,SIM,DI
Sistema de Acompanhamento da Produção Canavieira - SAPCANA,Sistema que contém informações do setor sucroenergético do Brasil. ,"Ministério da Agricultura, Pecuária e Abastecimento",MENSAL,SIM,SIM,ME
Sistema de Acompanhamento de Mercado Padronizado - SAMP,Gerencia a coleta de informações padronizadas referentes ao mercado de energia elétrica das concessionárias e permissionárias de distribuição de energia elétrica. ,Agência Nacional de Energia Elétrica,MENSAL,SIM,NAO,ME
Sistema de Acompanhamento de Obras - SIURB,Sistema para acompanhamento de obras financiadas pela Caixa Econômica Federal que têm relação com o MAPA.,"Ministério da Agricultura, Pecuária e Abastecimento",TRIMENSAL,SIM,NAO,TR
Sistema de Acompanhamento de Processos - SAP,Controle e acompanhamento do trâmite de processos administrativos da CVM,Comissão de Valores Mobiliários,SOB DEMANDA,SIM,SIM,DE
Sistema de Acompanhamento de Reservatórios - SAR,Sistema de acompanhamento da operação dos reservatórios geridos pelo ONS.,Agência Nacional de Águas e Saneamento Básico,DIÁRIA,SIM,NAO,DI
Sistema de Acompanhamento e Monitoramento Hidrológico do Setor Elétrico - SANSE,Sistema de acompanhamento e monitoramento hidrológico do Setor Elétrico (SANSE),Agência Nacional de Águas e Saneamento Básico,DIÁRIA,SIM,NAO,DI
Sistema de Acompanhamento e Relacionamento Institucional - SARI,"Sistema de acompanhamento e relacionamento institucional, cadastro de pessoas jurídicas e física com as quais a ANEEL possui algum tipo de relacionamento.",Agência Nacional de Energia Elétrica,SEMANAL,SIM,NAO,SM
Sistema de Acompanhamento Parlamentar - RADAR,Permite o acompanhamento de atividades parlamentares de interesse da ANEEL.,Agência Nacional de Energia Elétrica,MENSAL,SIM,NAO,ME
Sistema de Administração de Créditos e Inadimplentes - PLUTUS,Controla a arrecadação e a inadimplência referente a créditos da ANEEL e obrigações intrassetoriais dos agentes. Consolida as funções do SIGEC e do INADIMPLENTES.,Agência Nacional de Energia Elétrica,DIÁRIA,SIM,NAO,DI
Sistema de Administração de Receitas Patrimoniais - SARP,Apoio aos processos de gestão de créditos oriundos dos imóveis da extinta Rede Ferroviária Federal (RFFSA).,Secretaria de Coordenação e Governança do Patrimônio da União,DIÁRIA,SIM,SIM,DI
Sistema de Administração dos postos - ADMP,Sistema de Administração de Postos,Ministério das Relações Exteriores,DIÁRIA,NAO,SIM,DI
Sistema de Análise de Dados Hidrometeorológicos - SIADH,Sistema de Análise de Dados Hidrometeorológicos (SIADH),Agência Nacional de Águas e Saneamento Básico,MENSAL,SIM,NAO,ME
Sistema de Análise de Ofertas - SAOF,"Permite o cadastramento das rodadas de licitações da ANP, contemplando a relação de blocos ou áreas que comporão a Rodada, o  cadastro de ofertantes e garantias financeiras. ","Agência Nacional do Petróleo, Gás Natural e Biocombustíveis",SOB DEMANDA,SIM,SIM,DE
Sistema de Apoio a Gestão de Contratos de Prestação de Serviços - SAGE, Apoia a gestão de contratos de prestação de serviços à Agência.,Agência Nacional de Energia Elétrica,MENSAL,SIM,NAO,ME
Sistema de Apoio às Fiscalizações da ANEEL - SAFIRA,Sistema de gestão das fiscalizações realizadas pela ANEEL. Sucedeu o sistema SIGEFIS 2.,Agência Nacional de Energia Elétrica,MENSAL,SIM,SIM,ME
Sistema de Arrecadação - Arrecadação,"Sistema que controla a arrecadação, emissão de boletos e baixa de pagamentos efetuados por usuários de recursos hídricos.",Agência Nacional de Águas e Saneamento Básico,MENSAL,NAO,NAO,ME
Sistema de Atos Normativos - Atos Normativos,Repositório do conjunto dos atos normativos aplicáveis à Agência ,Agência Nacional de Águas e Saneamento Básico,MENSAL,SIM,NAO,ME
"Sistema de Autenticação, Autorização e Auditoria - S3A","Realiza a autenticação, autorização e auditoria de acessos de usuários a sistemas da ANEEL. Evolução que complementa o sistema GU.",Agência Nacional de Energia Elétrica,MENSAL,SIM,SIM,ME
Sistema de Avaliação de Desempenho - FAD/SISAVE,Controla o processo de avaliação de desempenho individual periódica dos servidores.,Agência Nacional de Energia Elétrica,SEMESTRAL,SIM,SIM,ST
Sistema de Avaliação de Desempenho de Servidores - RH - Avaliação,Módulo de Avaliação de desempenho e promoção de servidores,Agência Nacional de Águas e Saneamento Básico,SEMESTRAL,NAO,NAO,ST
Sistema de Biblioteca Virtual - SOPHIA,Sistema de autmação de bibliotecas,Agência Nacional de Águas e Saneamento Básico,DIÁRIA,SIM,NAO,DI
Sistema de Cadastramento de Produtos e Empresas de Defesa - SISCAPED,"O SisCaPED é um sistema desenvolvido para acesso via web, encontra-se on-line e disponível 24h por dia para qualquer usuário no território nacional interessado no processo de credenciamento de empresas e classificação de produtos em observância à Lei nº 1",Ministério da Defesa,TRIMENSAL,SIM,SIM,TR
Sistema de Câmbio - SICAM,Informar qual o câmbio da moeda local para dólar,Ministério das Relações Exteriores,DIÁRIA,NAO,NAO,DI
Sistema de Capacitação de Servidores - RH - Capacitação,Sistema de Capacitação de Servidores,Agência Nacional de Águas e Saneamento Básico,MENSAL,NAO,NAO,ME
Sistema de Cobrança - DIGICOB II,Sistema de execução da cobrança pelo uso de recursos hídricos,Agência Nacional de Águas e Saneamento Básico,TRIMENSAL,NAO,NAO,TR
Sistema de Colegiados - Colegiados,Cadastro da Participação de Servidores em Colegiado,Agência Nacional de Águas e Saneamento Básico,SOB DEMANDA,NAO,NAO,DE
Sistema de Consignações do Governo Federal - CONSIGNAÇÕES,"Rotinas de PRO relacionadas aos módulos de folha de pagamento, cálculos e descontos de consignações legais.",Ministério da Economia,MENSAL,NAO,SIM,ME
Sistema de Contabilidade - SISCONT,"Permite a gestão, controle e notificação das atividades contábeis da Agência",Agência Nacional de Energia Elétrica,MENSAL,SIM,NAO,ME
Sistema de Controle de Almoxarifado e Patrimônio - ASI-WEB,"Solução com Tecnologia para Gestão de Almoxarifado, Compras, Patrimônio Mobiliário e Imobiliário",Agência Nacional de Águas e Saneamento Básico,DIÁRIA,NAO,NAO,DI
Sistema de Controle de Multas - SICOM,Sistema utilizado para gestão das multas aplicadas pela ANP,"Agência Nacional do Petróleo, Gás Natural e Biocombustíveis",DIÁRIA,SIM,NAO,DI
Sistema de Controle de Reclamações - SCR,Solução para controle de reclamações da Ouvidoria Setorial.,Agência Nacional de Energia Elétrica,DIÁRIA,SIM,SIM,DI
Sistema de Controle de Recursos Humanos - SRH,Sistema para gerir informações de recursos humanos do MAPA.,"Ministério da Agricultura, Pecuária e Abastecimento",SEMANAL,SIM,SIM,SM
Sistema de Controle de Reuniões da Diretoria - SICOR,"Automatiza a gestão e controle de reuniões da Diretoria, gerencia sorteio, inclusão em pauta de reunião e registro da decisão na memória de reunião, emite relatórios dos processos distribuídos ao diretores-relatores.",Agência Nacional de Energia Elétrica,SEMANAL,SIM,NAO,SM
Sistema de Controle de Subvenções e Programas Sociais - SCS,"Gerencia o envio de informações por parte das distribuidoras e posterior análise dos dados pela ANEEL, no que se refere a Tarifa Social de Energia Elétrica - TSEE.",Agência Nacional de Energia Elétrica,MENSAL,SIM,NAO,ME
Sistema de Credenciamento da ANEEL - SCA,Controla o processo de sorteio e alocação de demandas para as empresas credenciadas pela Agência para a prestação de serviços e apoio as atividades de fiscalização.,Agência Nacional de Energia Elétrica,ANUAL,SIM,NAO,AN
Sistema de Curso de Extensão em Defesa Nacional - CEDN,Sistema de controle e geração de relatórios de inscritos no Curso de Extensão em Defesa Nacional,Ministério da Defesa,SOB DEMANDA,NAO,NAO,DE
Sistema de Disponibilização de Informações Hidrológicas - HIDROWEB,Sistema para visualização e disponibilização de dados e informações hidrológicas,Agência Nacional de Águas e Saneamento Básico,DIÁRIA,SIM,NAO,DI
Sistema de Fiscalização da Produção - SFP - Cadastro,"Recebe diariamente os dados e informações dos sistemas de medição da produção de petróleo e gás natural. Compreende a consulta das instalações, configuração dos computadores de vazão e medidores. ","Agência Nacional do Petróleo, Gás Natural e Biocombustíveis",DIÁRIA,SIM,NAO,DI
Sistema de Gerenciamento das Ações do Biodiesel - SABIDO,"Programa (PNPB), apoiando o Selo Combustível Social das empresas e cooperativas produtoras de biodiesel.","Ministério da Agricultura, Pecuária e Abastecimento",DIÁRIA,SIM,SIM,DI
Sistema de Gerenciamento de Estudos Epidemiológicos - SIGEP,Gerenciar informações e atividades relacionadas aos estudos epidemiológicos realizados pelo Departamento de Saúde Animal (DSA) em conjunto com os órgãos estaduais de vigilância de saúde animal.,"Ministério da Agricultura, Pecuária e Abastecimento",SOB DEMANDA,NAO,SIM,DE
Sistema de Gerenciamento de Outorgas em Tanque Rede - Tanque Rede,Sistema para análise e controle de outorga em tanque rede,Agência Nacional de Águas e Saneamento Básico,DIÁRIA,NAO,NAO,DI
Sistema de Gerenciamento dos Imóveis de Uso Especial da União - SPIUNet,"Apoio à administração dos imóveis de uso especial da União, com o objetivo de manter atualizado e operacional o cadastro dos imóveis e seus respectivos usuários, UG ou Locatários e Arrendatários.",Secretaria de Coordenação e Governança do Patrimônio da União,SEMESTRAL,SIM,SIM,ST
Sistema de Gestão da Lei de Informática - NovoSigplani,Gestão de incentivos fiscais concedidos por meio da Lei de Informática e PADIS.,"Ministério da Ciência, Tecnologia, Inovações e Comunicações",DIÁRIA,SIM,SIM,DI
Sistema de Gestão da Ouvidoria Setorial - SGO,Sistema de gestão da Ouvidoria Setorial da ANEEL.,Agência Nacional de Energia Elétrica,DIÁRIA,SIM,SIM,DI
Sistema de Gestão da Transmissão - SIGET,Apoia outorga e autorização para gestão do sistema de transmissão de energia elétrica e fornece interface adequada para troca de informações atores envolvidos nesse processo.,Agência Nacional de Energia Elétrica,SEMANAL,SIM,NAO,SM
Sistema de Gestão das Ações da Fiscalização - SIGAF,Sistema utilizado para gestão das ações de fiscalização dos agentes regulados do Downstream.,"Agência Nacional do Petróleo, Gás Natural e Biocombustíveis",DIÁRIA,SIM,SIM,DI
Sistema de Gestão das Fiscalizações - SIGEFIS,"Permite planejar, registrar, controlar e acompanhar as fiscalizações realizadas pela ANEEL e agências reguladoras estaduais conveniadas.",Agência Nacional de Energia Elétrica,MENSAL,SIM,SIM,ME
Sistema de Gestão de Acesso - SIGAC,"Solução de gestão de identidade, gestão de acesso, autenticação e auditoria que poderá ser utilizada pelos sistemas do Ministério do Planejamento, Orçamento e Gestão.",Ministério da Economia,MENSAL,NAO,SIM,ME
Sistema de gestão de atividades da Semana Nacional de Ciência e Tecnologia - SNCT,Gestão das atividades cadastradas por coordenadores regionais da SNCT,"Ministério da Ciência, Tecnologia, Inovações e Comunicações",ANUAL,SIM,SIM,AN
Sistema de Gestão de Auditoria Interna - MSIGAIN,Sistema de controle da Auditoria Interna da ANEEL e recomendações da diretoria e do TCU.,Agência Nacional de Energia Elétrica,MENSAL,SIM,SIM,ME
Sistema de Gestão de Capacitação para o SINGREH - SABERH,"Sistema de Gestão de Capacitação para o SINGREH - Sistema par a gestão dos cursos de capacitação para o sistema de gerenciamento de recursos hídricos, com registro dos cursos, alunos, certificados, etc...",Agência Nacional de Águas e Saneamento Básico,MENSAL,SIM,NAO,ME
Sistema de Gestão de Carreiras - SGC,Sistema com dados pessoais e funcionais dos servidores das carreiras transversais.,Ministério da Economia,MENSAL,SIM,NAO,ME
Sistema de Gestão de Concessão Florestal - GCF,Fazer a gestão das informações provenientes das concessões florestais,Serviço Florestal Brasileiro,DIÁRIA,SIM,SIM,DI
Sistema de Gestão de Contratos - SGC,Controla os contratos de uso do sistema de distribuição - CUSD.,Agência Nacional de Energia Elétrica,MENSAL,SIM,NAO,ME
Sistema de Gestão de Contratos e Convênios - SICON, Apoia a gestão de contratos e convênios.,Agência Nacional de Energia Elétrica,MENSAL,SIM,NAO,ME
Sistema de Gestão de Créditos - SIGEC,Padroniza e a racionaliza os serviços que envolvem a arrecadação e o controle da inadimplência das receitas e dos recolhimentos sob a responsabilidade da ANEEL.,Agência Nacional de Energia Elétrica,DIÁRIA,SIM,SIM,DI
Sistema de Gestão de Dados Hidrológico enviados por SMS - GDH-SMS,Sistema de gestão de dados hidrológico coletados por meio de SMS (GDS-SMS),Agência Nacional de Águas e Saneamento Básico,DIÁRIA,SIM,NAO,DI
Sistema de Gestão de Equipamentos Telemétricos e Dados   - Gestor PCD,Sistema de Gestão de Equipamentos Telemétricos e Dados  ,Agência Nacional de Águas e Saneamento Básico,DIÁRIA,SIM,NAO,DI
Sistema de Gestão de Investimento em Pesquisa e Desenvolvimento - SIPED,"Sistema para credenciamento de unidades de pesquisa e fiscalização da aplicação dos recursos da Cláusula de Pesquisa, Desenvolvimento e Inovação","Agência Nacional do Petróleo, Gás Natural e Biocombustíveis",DIÁRIA,SIM,SIM,DI
Sistema de Gestão de Laboratórios - SISLAB,Sistema para gestão e cadastro informatizado de todos os padrões atualmente existentes nos laboratórios de análises de resíduos integrantes da Rede Nacional de Laboratórios Agropecuários.,"Ministério da Agricultura, Pecuária e Abastecimento",SOB DEMANDA,SIM,NAO,DE
Sistema de Gestão de Planejamento Estratégico da Aneel - SIGEA,Suporta o processo de Planejamento Estratégico da ANEEL.,Agência Nacional de Energia Elétrica,MENSAL,SIM,NAO,ME
Sistema de Gestão do Programa de P&D - SGPED,Oferece suporte à gestão do programa de pesquisa e desenvolvimento da ANEEL.,Agência Nacional de Energia Elétrica,MENSAL,SIM,NAO,ME
Sistema de Gestão Fundiária - SIGEF,"Sistema para gestão de informações fundiárias do meio rural brasileiro. Recebe, valida, organiza e disponibiliza dados georreferenciados referentes a propriedades rurais e áreas em regularização fundiária, em conexão o com Registro de Imóveis.",Instituto Nacional de Colonização e Reforma Agrária,SOB DEMANDA,SIM,SIM,DE
Sistema de Gestão Integrada - SGI,Sistema de planejamento de orçamento e gestão orçamentária.,"Ministério da Agricultura, Pecuária e Abastecimento",ANUAL,SIM,NAO,AN
Sistema de Gestão Integrada dos Imóveis Públicos Federais - SPUNET,Sistema corporativo unificado de imóveis públicos federais com objetivo de modernizar a gestão da SPU qualificando os dados e proporcionando aos cidadãos serviços em tempo real e geolocalizados.,Secretaria de Coordenação e Governança do Patrimônio da União,DIÁRIA,SIM,SIM,DI
Sistema de Importação dos Arquivos do SIAFI - SIAS,Provê a importação dos arquivos do SIAFI disponibilizados no site do Tesouro Nacional com a finalidade de alimentar outros sistemas com informações para consulta.,Agência Nacional de Energia Elétrica,DIÁRIA,SIM,NAO,DI
Sistema de Indicações Geográficas e Marcas - SIGMA,"Auxiliar no gerenciamento de todo o processo de fomento ao uso dos Signos Distintivos, Indicações Geográficas e Marcas.","Ministério da Agricultura, Pecuária e Abastecimento",SOB DEMANDA,NAO,SIM,DE
Sistema de Informação de Requisitos e Certificados da Área Animal - SISREC,"Banco de dados com os modelos de Certificados Zoosanitários Internacionais, acordados e vigentes, além dos requisitos sanitários brasileiros para importação de animais, produtos, subprodutos e material de multiplicação animal.","Ministério da Agricultura, Pecuária e Abastecimento",SOB DEMANDA,SIM,NAO,DE
Sistema de Informações de Geração da ANEEL - SIGA,Consolida e mantém dados de geração.,Agência Nacional de Energia Elétrica,SEMANAL,SIM,NAO,SM
Sistema de Informações Documentais - Próton,Sistema para gerenciamento de documentos da ANA,Agência Nacional de Águas e Saneamento Básico,DIÁRIA,SIM,SIM,DI
Sistema de Informações em Biossegurança - SIB,Gestão de Certificados de Qualidade em Biossegurança,"Ministério da Ciência, Tecnologia, Inovações e Comunicações",SEMANAL,SIM,SIM,SM
Sistema de Informações Gerenciais de Produtos de Origem Animal - SIGPOA,Auxiliar no gerenciamento de informações dos Programas de Avaliação de Conformidades de Produtos de Origem Animal (POA) e águas de abastecimento de estabelecimento sob SIF e POA importados.,"Ministério da Agricultura, Pecuária e Abastecimento",DIÁRIA,SIM,SIM,DI
Sistema de Informações Gerenciais do Crédito Fundiário - SIGCF,Sistema que contém informações relacionadas aos beneficiários do crédito fundiário.,"Ministério da Agricultura, Pecuária e Abastecimento",SOB DEMANDA,SIM,SIM,DE
Sistema de Informações Gerenciais do Serviço de Inspeção Federal - SIGSIF,"Sistema de controle de todos estabelecimentos que recebem o número do SIF e exportadores para o Brasil. Geração de relatórios estatísticos a respeito da comercialização, PRO, importação, exportação, abates, etc.","Ministério da Agricultura, Pecuária e Abastecimento",SOB DEMANDA,SIM,SIM,DE
Sistema de Informações Hidrológicas - HIDRO,Sistema de gestão e análise de informações hidrológicas,Agência Nacional de Águas e Saneamento Básico,DIÁRIA,SIM,NAO,DI
Sistema de Informações Organizacionais do Governo Federal - SIORG,"Sistema informatizado (estruturador) de suporte às atividades de organização e inovação institucional, contendo o cadastro oficial das estruturas dos órgãos, das entidades e também dos cargos e funções comissionadas do Poder Executivo Federal.",Ministério da Economia,DIÁRIA,SIM,NAO,DI
Sistema de Inquéritos (Sistema Sancionador Integrado) - INQ (SSI),Controle e acompanhamento de Processos Administrativos Sancionadores da CVM,Comissão de Valores Mobiliários,SOB DEMANDA,SIM,SIM,DE
Sistema de Julgamento de Recursos da Comissão Especial de Recursos - SISPROCER,"Receber, analisar, julgar e disponibilizar os processos provenientes de recursos de produtores rurais enviados à Comissão Especial de Recursos - CER ","Ministério da Agricultura, Pecuária e Abastecimento",DIÁRIA,SIM,SIM,DI
Sistema de Licitações de Contratos de Execução Física - SLCEF,Apoia a gestão de licitações e execução física de contratos.,Agência Nacional de Energia Elétrica,MENSAL,SIM,NAO,ME
Sistema de Licitações e Contratos - SLC,Possibilita a gestão integrada e transparência pública no controle e tomada de decisão dos processos licitatórios para as contratações realizadas pela ANEEL.,Agência Nacional de Energia Elétrica,MENSAL,SIM,SIM,ME
Sistema de Monitoramento da Agenda Ambiental na Administração Pública - RESSOA,Sistema para cadastro e monitoramento da adesão ao programa AP3 das instituição públicas.,Ministério do Meio Ambiente,SOB DEMANDA,SIM,NAO,DE
Sistema de Monitoramento de Atos Normativos - SISMAN,Sistema concebido para dar transparência e participação social do processo normatização da SDA.,"Ministério da Agricultura, Pecuária e Abastecimento",DIÁRIA,SIM,NAO,DI
Sistema de Monitoramento Hidrológico em tempo Real - HIDRO - Telemetria,Sistema de gestão e análise dos dados oriundos do monitoramento hidrológico em tempo real,Agência Nacional de Águas e Saneamento Básico,DIÁRIA,SIM,NAO,DI
Sistema de Monitoramento Via Satélite - HIDROSAT,Sistema para a visualização das estimativas de concentração de sedimentos e de pigmentos algais em estações virtuais da Amazônia e da região Nordeste,Agência Nacional de Águas e Saneamento Básico,MENSAL,SIM,NAO,ME
Sistema de Planejamento do Desporto Militar - SISATLETA,"O Sistema de Planejamento do Desporto Militar (SISATLETA) é a única base de dados disponível para Bases a cargo do Departamento de Desporto Militar (DDM), que não existem: 
a) Portal de Jogos Mundiais Militares 
b) Sistemas de Cadastro de Atletas e Even",Ministério da Defesa,SOB DEMANDA,SIM,SIM,DE
"Sistema de Planejamento, Orçamento e Gestão da ANA - SISPLANA","Sistema de Planejamento, Orçamento e Gestão da ANA - Planejamento e gerenciamento das programações orçamentárias e execução financeira, com o objetivo de ampliar a eficiência, eficácia e efetividade da execução dos recursos públicos sob a responsabilidade",Agência Nacional de Águas e Saneamento Básico,DIÁRIA,SIM,NAO,DI
Sistema de Previsão de Eventos Críticos na bacia do Rio Paraíba do Sul - SISPREC,"Sistema que fornece previsões sobre a evolução de inundações, a propagação de poluentes e o potencial impacto da ruptura de barragens na bacia do rio Paraíba do Sul.",Agência Nacional de Águas e Saneamento Básico,SOB DEMANDA,NAO,NAO,DE
Sistema de Próprios Nacionais Residenciais - SISPNR,Informações sobre os permissionários dos Próprios Nacionais Residenciais e imóveis funcionais geridos pela administração central do Ministério da Defesa.,Ministério da Defesa,TRIMENSAL,SIM,NAO,TR
Sistema de Protocolo Digital - SPD,Solução de protocolo digital da Agência.,Agência Nacional de Energia Elétrica,DIÁRIA,SIM,NAO,DI
Sistema de Recursos Humanos - RH,"Sistema responsável pelo cadastro, manutenção e configuração dos dados dos servidores e colaboradores da ANA.",Agência Nacional de Águas e Saneamento Básico,DIÁRIA,NAO,SIM,DI
Sistema de Registro de Atividade Pesqueira da Tainha - SISTAINHA,"Sistema que contém os mapas de bordo da embarcações que pescam tainha, assim como dados de mapa de produção e empresas pesqueiras.","Ministério da Agricultura, Pecuária e Abastecimento",DIÁRIA,SIM,SIM,DI
Sistema de Registro de Documentos - Revendedor de GLP - SRD-GLP,Sistema para solicitação de autorização e atualização cadastral das revendas de GLP.,"Agência Nacional do Petróleo, Gás Natural e Biocombustíveis",DIÁRIA,SIM,NAO,DI
Sistema de Registro de Geração Distribuída - SISGD,Sistema para registro das unidades consumidoras que possuem geração distribuída.  ,Agência Nacional de Energia Elétrica,DIÁRIA,SIM,NAO,DI
Sistema de Registro Geral da Pesca e Aquicultura - SISRGP,"Sistema que consolida os registros de todas as autorizações concedidas para atuação na pesca e na aquicultura, como: pescador, aprendiz de pesca, armador de pesca, indústria pesqueira, aquicultor e empresas que comercializam animais aquáticos vivos.","Ministério da Agricultura, Pecuária e Abastecimento",SOB DEMANDA,SIM,SIM,DE
Sistema de Requerimento Eletrônico de Imóveis - SISREI,"Realizar a gestão de consultas e requerimentos de imóveis da União efetuados por entes públicos (federais, estaduais e municipais) e entidades sem fins lucrativos.",Secretaria de Coordenação e Governança do Patrimônio da União,DIÁRIA,SIM,NAO,DI
Sistema de Requisição Veicular - SISRV,Controla as requisições de uso dos veículos da Agência.,Agência Nacional de Energia Elétrica,DIÁRIA,SIM,NAO,DI
Sistema de Supervisão do Mercado de Capitais Brasileiro - SAM,Supervisão do mercado de capitais brasileiro,Comissão de Valores Mobiliários,SOB DEMANDA,SIM,SIM,DE
Sistema de Suporte a Decisão da SPU - SSD/DW,"Ferramenta específica de inteligência do negócio (DataWarehouse) com dados do SIAPA e SPIUnet, com o objetivo de subsidiar o processo decisório da Secretária de Patrimônio da União.",Secretaria de Coordenação e Governança do Patrimônio da União,DIÁRIA,SIM,SIM,DI
Sistema de Suporte a Decisão para Outorga - SSDO,Sistema de suporte a decisão para a emissão de outorgas de suso de rcursos hídricos,Agência Nacional de Águas e Saneamento Básico,SOB DEMANDA,NAO,NAO,DE
Sistema de Tarifa Locacional - STL,Efetua cálculos de tarifa locacional.,Agência Nacional de Energia Elétrica,MENSAL,SIM,NAO,ME
Sistema de Transportes de Servidores Públicos - TaxiGov,"Sistema faz parte do TáxiGov, serviço de transporte terrestre de servidores da administração pública com uso de aplicativo contratado e gerido de forma centralizada para a APF direta no DF pela Central de Compras",Ministério da Economia,MENSAL,SIM,NAO,ME
Sistema de Zoneamento do Risco Climático - SISZARC,O sistema dá suporte para o Programa Nacional de Zoneamento Agrícola.,"Ministério da Agricultura, Pecuária e Abastecimento",SOB DEMANDA,SIM,NAO,DE
Sistema do Atlas de Abastecimento Urbano de Água - Atlas Brasil,Sistema de disponibilização de informações de abastecimento urbano de águas oriundas do projeto Atlas de Abastecimento Urbano de Água ,Agência Nacional de Águas e Saneamento Básico,SOB DEMANDA,SIM,NAO,DE
Sistema do Congresso Acadêmico sobre Defesa Nacional - CADN,Repositório de informações sobre as equipes e respectivos artigos selecionados para cada edição do Congresso Acadêmico sobre Defesa Nacional,Ministério da Defesa,ANUAL,SIM,NAO,AN
Sistema do Programa Produtor de Água - Produtor de Água,Sistema que registra os projetos do Programa Produtor de Água,Agência Nacional de Águas e Saneamento Básico,TRIMENSAL,SIM,NAO,TR
Sistema Eletrônico de Informações - Pensei Digital,Processos administrativos em suporte digital produzidos pela Fundação em razão do desempenho de suas atividades meio e finalísticas.,Fundação Casa de Rui Barbosa,DIÁRIA,SIM,NAO,DI
Sistema Eletrônico de Informações - SEI,Sistema Eletrônico de Informações (SEI) - Sistema de gestão de processos e documentos eletrônicos,Ministério da Defesa,DIÁRIA,SIM,NAO,DI
Sistema Federal de Regulação de Uso - REGLA,Sistema Federal de Regulação de Uso - Ferramenta de solicitação de outorga de direito de uso de recursos hídricos de domínio da União,Agência Nacional de Águas e Saneamento Básico,DIÁRIA,SIM,NAO,DI
Sistema IBGE de Recuperação Automática - SIDRA,Base de dados agregados de estudos e pesquisas do IBGE,Instituto Brasileiro de Geografia e Estatística,SOB DEMANDA,SIM,SIM,DE
Sistema Informatizado de Assistência Técnica e Extensão Rural - SIATER,Controla o credenciamento de entidades prestadoras de serviços de ATER e auxilia no monitoramento da execução dos contratos de ATER firmados pelo MDA.,"Ministério da Agricultura, Pecuária e Abastecimento",SOB DEMANDA,SIM,SIM,DE
Sistema Informatizado Mais Alimentos,"Catálogo de produtos rurais financiáveis, máquinas, equipamentos e implementos","Ministério da Agricultura, Pecuária e Abastecimento",DIÁRIA,SIM,SIM,DI
"Sistema Integrado
de Gestão e
Execução
Financeira - SIGEF",O sistema que gerência recursos financeiros. ,Ministério das Relações Exteriores,DIÁRIA,NAO,SIM,DI
Sistema Integrado de Administração Patrimonial - SIAPA,"Ferramenta de apoio à administração do patrimônio imobiliário da União, dos seus imóveis dominiais nacionais e terrenos de marinha, áreas de preservação permanente, terras indígenas, florestas etc.",Secretaria de Coordenação e Governança do Patrimônio da União,DIÁRIA,SIM,SIM,DI
Sistema Integrado de Atenção à Saúde do Servidor (SIASS) - SIAPESaúde,Sistema responsável pelo controle e acompanhamento da política de atenção à saúde do servidor público civil do Governo Federal.,Ministério da Economia,MENSAL,NAO,SIM,ME
Sistema Integrado de Gestão da ANEEL - SIGANEEL,Suporta a elaboração e o acompanhamento físico e orçamentário do programa de trabalho da ANEEL.,Agência Nacional de Energia Elétrica,MENSAL,SIM,NAO,ME
Sistema Integrado de Gestão Documental - SIGED,Sistema de cadastro de processos e documentos do MAPA.,"Ministério da Agricultura, Pecuária e Abastecimento",SOB DEMANDA,SIM,SIM,DE
Sistema Integrado de Gestão e Controle do Espectro - MOSAICO," gestão do espectro, fazendo a outorga do serviço, autorização do uso  radiofrequência e licenciamento de estações para o serviço de telecomunicação e radiodifusão","Ministério da Ciência, Tecnologia, Inovações e Comunicações",SOB DEMANDA,SIM,NAO,DE
Sistema Integrado de Planejamento e Orçamento / Orçamento de Investimento das Estatais (SIOP/OI) - SIOP OI,Parte da base de dados transacional Sistema Integrado de Planejamento e Orçamento (SIOP) que contém os dados de Orçamento de Investimento das Estatais (OI),Secretaria de Coordenação e Governança das Empresas Estatais,DIÁRIA,SIM,SIM,DI
Sistema Nacional de Certificação de Unidades Armazenadoras - SNCUA,Cumprir a legislação correspondente e atender o Sistema Nacional de Certificação de Unidades Armazenadoras.,"Ministério da Agricultura, Pecuária e Abastecimento",DIÁRIA,SIM,NAO,DI
Sistema Nacional de Informação sobre Segurança de Barragem - SNISB,Sistema Nacional de Informação sobre Segurança de Barragem,Agência Nacional de Águas e Saneamento Básico,MENSAL,SIM,SIM,ME
Sistema Nacional de Informações de Registro Civil - SIRC,"Base de governo que tem por finalidade captar, processar, arquivar e disponibilizar dados relativos a registros de nascimento, casamento, óbito e natimorto, produzidos pelos cartórios de registro civil das pessoas naturais.",Instituto Nacional do Seguro Social,DIÁRIA,NAO,SIM,DI
Sistema Nacional de Informações sobre Recursos Hídricos - SNIRH,"Sistema de coleta, tratamento, armazenamento e recuperação de informações sobre recursos hídricos, bem como fatores intervenientes para sua gestão.",Agência Nacional de Águas e Saneamento Básico,SOB DEMANDA,SIM,NAO,DE
Sistema Nacional de Registro de Emissões - SIRENE,Apresenta o inventário nacional de registro de emissões de gases de efeito estufa,"Ministério da Ciência, Tecnologia, Inovações e Comunicações",SOB DEMANDA,SIM,NAO,DE
Sistema para Apresentação de Estatísticas da Rede Hidrometeorológica - SiEst,Sistema para Apresentação de Estatísticas da Rede Hidrometeorológica (SiEst),Agência Nacional de Águas e Saneamento Básico,DIÁRIA,SIM,NAO,DI
Sistema para Avaliação do Desempenho da Operação da Rede Hidrometeorológica - SiADORHA,Sistema para Avaliação do Desempenho da Operação da Rede Hidrometeorológica (SiADORHA),Agência Nacional de Águas e Saneamento Básico,DIÁRIA,NAO,NAO,DI
Sistema Telegráfico - SICOM,Sistema de Controle da comunicação diplomática,Ministério das Relações Exteriores,DIÁRIA,NAO,SIM,DI
Sistema Visualizador das Fichas de Campo das Estações Hidrometeorologicas - Fichas de Campo das Estações,Visualizador de Fichas de Campo,Agência Nacional de Águas e Saneamento Básico,DIÁRIA,SIM,NAO,DI
Site SPU - Imóveis Dominiais - Balcão Virtual,"Extensão das funcionalidades do SIAPA, relativas aos serviços disponibilizados pela SPU aos cidadãos via internet, como atualização de dados cadastrais, emissão de certidões, emissão de DARF etc.",Secretaria de Coordenação e Governança do Patrimônio da União,DIÁRIA,SIM,SIM,DI
Sítio da ANEEL - LIFERAY,Solução do sítio institucional da ANEEL.,Agência Nacional de Energia Elétrica,DIÁRIA,SIM,NAO,DI
Sophia,"Software de Automação e Gerenciamento dos Registros e Informações de Bibliotecas, Arquivos e demais Acervos",Fundação Casa de Rui Barbosa,MENSAL,SIM,NAO,ME
Tabelas de Correlações de Códigos e Classificações,Base dados transcrições dos códigos usados nos dados estatísticos. Detalhamento principal em produtos.,Ministério da Economia,MENSAL,SIM,NAO,ME
Thesaurus Agrícola Nacional - THESAGRO,O THESAGRO é um vocabulário especializado em agricultura e utilizado para o controle terminológico nos processos de indexação e recuperação dos documentos.,"Ministério da Agricultura, Pecuária e Abastecimento",SOB DEMANDA,SIM,NAO,DE
Tramitação de processos administrativos físicos,"Base com informações sobre a tramitação dos processos administrativos físicos, com número, objeto , datas de tramitação e setores envolvidos.",Fundação Casa de Rui Barbosa,DIÁRIA,SIM,NAO,DI
Uso de Bem Público - UBP,Efetua o cálculo dos valores devidos por Uso de Bem Público - UBP.,Agência Nacional de Energia Elétrica,MENSAL,SIM,NAO,ME
Vídeo monitoramento,Base com informações em formato de imagens de locais estratégicos,Fundação Casa de Rui Barbosa,DIÁRIA,SIM,NAO,DI
WebService de integração com o SIAPE,"WebService criado para permitir a integração do SIAPE com outros sistemas, módulos, portais e aplicativos.",Ministério da Economia,MENSAL,NAO,SIM,ME
